token_id,frequency,rock_count,rock_rate,avg_loss_before,avg_loss_after,avg_improvement,avg_teacher_entropy,avg_student_entropy_before,avg_student_entropy_after,rank_by_rate,rank_by_count,token_string
13027,1138,371,0.3260105448154657,0.8814264618396168,1.26868276660902,-0.3872563047694031,0.3881948854306382,0.3303413153017961,0.2892145781604594,134,115, Python
1084,856,263,0.3072429906542056,0.793273903189028,0.8347278074025433,-0.04145390421351525,0.8720459097452105,0.8045392923537155,0.7560245378123795,188,152, It
5916,400,123,0.3075,0.49343957015536577,0.5265776496604871,-0.033138079505121376,0.8876547456713183,0.9454280267876549,0.8539987321139779,187,318, starting
7036,267,91,0.3408239700374532,1.0392421577359041,1.0767372561259583,-0.03749509839005416,1.0788163186248783,1.0497480120519278,1.1737883261964717,113,420, Note
3705,259,83,0.3204633204633205,0.8872746547815715,0.8471302614990275,0.040144393282544044,1.1524148581889697,1.2352462325150302,1.1929389467565379,152,445, handle
4354,264,83,0.3143939393939394,0.8448594161612898,0.7653877207276603,0.07947169543362953,1.2778090599371212,1.4124700225802922,1.270196899045197,166,446, However
21484,200,69,0.345,1.0335312283079838,1.0341895942075643,-0.0006583658995804598,0.9562665076431586,1.0615376943862065,0.9885235916241072,103,536, assumes
4240,215,65,0.3023255813953488,0.9336943977134821,0.9378622122642666,-0.004167814550784521,1.0676703689605664,1.0425695564380928,1.1205807363042473,199,567, clean
25351,149,57,0.3825503355704698,0.7424331093847677,0.814430711533868,-0.07199760214910034,1.128297623371918,1.0953099619567506,1.024576234394503,60,646, ensures
12579,172,54,0.313953488372093,0.7678251594716553,0.7119680647443856,0.05585709472726974,1.328073148905343,1.2322550608321678,1.2068798863274848,171,680, matching
5046,144,52,0.3611111111111111,0.4968981398896075,0.529322675545422,-0.03242453565581449,1.1959169977490092,1.301745522152891,1.2273679109651614,78,705, fix
2980,131,40,0.3053435114503817,0.8043463836203664,0.8458333531492799,-0.04148696952891351,1.1975886397746227,1.1110486050299901,1.1122421372169984,191,865, Can
6083,108,39,0.3611111111111111,0.6519527194692644,0.6330847958213944,0.018867923647869933,1.184697378635459,1.1764364101846512,1.0885406912971352,79,888, shape
6147,111,36,0.32432432432432434,0.8390710869602658,0.7835087566342842,0.05556233032598157,1.0837286143387492,1.123162264558109,1.113975998081334,142,947, allows
3654,92,33,0.358695652173913,0.5674452445104892,0.7038193379951775,-0.13637409348468832,0.9608112042061174,1.0180008853760385,0.9311674559079541,82,1020, certain
5435,102,33,0.3235294117647059,0.6147208993084039,0.6438926908552222,-0.02917179154681826,1.1154506727756348,1.0858906355846842,1.089918934223105,146,1021, related
3644,103,33,0.32038834951456313,0.6578555049063812,0.650138654348488,0.007716850557893173,0.8962051557537358,0.9033721859470452,0.9510643077434501,153,1022, global
9429,103,32,0.3106796116504854,0.6406954312560516,0.6946253365615145,-0.05392990530546293,1.0238843551758259,1.122801051308595,1.0908230138424435,179,1039, compare
4460,87,31,0.3563218390804598,0.7903092059938387,0.7115722240976475,0.07873698189619116,1.5965682814090416,1.7641799934636588,1.686577993477213,85,1061, trying
1592,95,31,0.3263157894736842,0.8682963525043976,0.9517062576485243,-0.08340990514412672,0.9981994522269815,1.1421930906776603,1.006293365822038,132,1062,Key
1204,97,30,0.30927835051546393,0.8993174317916951,0.8470679967251328,0.05224943506656232,1.6284052183486752,1.6127667511362083,1.606218514983187,182,1085,very
11508,97,30,0.30927835051546393,0.6206189589802963,0.6093044501474876,0.011314508832808712,1.3463486497453654,1.2726897548346483,1.221396075897687,183,1086, leads
15955,99,30,0.30303030303030304,0.8322775323185028,0.8523778000420391,-0.020100267723536347,0.958323541044797,0.8972046453634752,0.8111167571490738,196,1087, outer
21144,59,29,0.4915254237288136,1.4430738728556594,1.6225376716199316,-0.1794637987642722,1.0576996056331416,1.353018911871112,1.2730814909278336,9,1115, Consider
2990,71,29,0.4084507042253521,0.8192918202603227,0.9164333018896921,-0.09714148162936942,1.0159154180274623,1.0338433307227552,0.8831902204827355,39,1116, lead
7500,80,28,0.35,0.8490815485904022,0.8904248524158902,-0.04134330382548801,1.1635300356865628,1.1510021520611189,1.1298621925732732,97,1153, adjust
2118,89,28,0.3146067415730337,1.0798553509397035,1.0573083454470955,0.02254700549260802,1.3239408809314952,1.2450418979599234,1.2925127751371834,165,1154, direct
1584,92,28,0.30434782608695654,0.6866916217089194,0.8022084141400979,-0.11551679243117852,1.003739157347809,0.957957211234988,0.8807047469814754,194,1155, state
43821,76,27,0.35526315789473684,1.113969700656047,1.0810157521872927,0.03295394846875421,1.183552447412359,1.2879059660787646,1.2638969120912646,86,1181, Important
6099,56,26,0.4642857142857143,0.7709699523090551,0.8469892479426692,-0.07601929563361409,1.365738427095721,1.3435633082678708,1.2720742639477456,14,1211, remember
10295,59,26,0.4406779661016949,0.6407764930845985,0.7122919317553916,-0.07151543867079313,1.1192175177412476,1.09007887311334,1.0295590528853917,21,1212, examples
3226,71,26,0.36619718309859156,0.9123457161114367,0.9018782538257614,0.0104674622856753,1.1197814795798406,1.0348354747755095,1.1593235261114156,72,1213,sl
4714,77,26,0.33766233766233766,0.44022372047577124,0.5592818346102088,-0.11905811413443751,0.7415617792788577,0.847458567110483,0.7050781575959122,115,1214, issues
28654,83,26,0.3132530120481928,0.6543548908884588,0.8151345055706444,-0.1607796146821856,0.6281805521371351,0.6522844395943326,0.7333598049386906,172,1215, (`
38775,57,25,0.43859649122807015,0.5723507678602912,1.2990455174103293,-0.7266947495500381,0.2691515675177103,0.42197028744818743,0.3330045276190759,23,1254, Removes
12681,75,25,0.3333333333333333,1.0110747982883428,0.9395242929729284,0.0715505053154144,0.9439701539761639,0.9396870653346802,0.8595867683955779,117,1255,-like
7199,76,25,0.32894736842105265,1.0313562525089335,1.0574517837947879,-0.0260955312858544,1.422498544181795,1.4049599358603653,1.3709722674240383,128,1256, limited
3746,60,24,0.4,0.7816271963548691,0.8012341346979762,-0.019606938343107116,1.1328994740732015,1.2418526460106174,1.2708379566591854,48,1285, strong
47856,76,24,0.3157894736842105,0.6603907892652052,0.6306692742264682,0.02972151503873699,1.0763974833351218,1.0303239330931224,1.0364525617271858,163,1286,avoid
40325,77,24,0.3116883116883117,0.6450906345446672,0.6350875551534163,0.01000307939125089,0.9797313073071705,1.0255566365146018,0.950899076802269,174,1287, Algorithm
2632,42,23,0.5476190476190477,0.8805008687507195,1.0175000234199356,-0.13699915466921608,1.3477099848319736,1.4619737896012208,1.4194026848133598,1,1319, little
37165,49,23,0.46938775510204084,0.9117563967907811,1.090692636710164,-0.1789362399193828,0.9951965380222442,0.9929134603874872,0.8936476645497035,12,1320,roots
12831,67,23,0.34328358208955223,0.7535321705404725,0.7304667295651761,0.023065440975296392,1.501124830833122,1.5464835745185168,1.5135957271750293,107,1321, considering
4009,68,23,0.3382352941176471,0.5386115544882306,0.5920784409788683,-0.05346688649063769,0.9308148729834713,0.9800580774280045,0.950650447448799,114,1322, represent
4419,76,23,0.3026315789473684,0.935919031126756,0.9252525564777002,0.01066647464905579,0.9238900902459641,0.8485551238646855,0.8405867616813435,197,1323, features
40276,76,23,0.3026315789473684,0.43685912291517814,0.6256311498712565,-0.1887720269560783,0.7753276899152537,0.7790354746831135,0.6061772241691391,198,1324, quart
7218,59,22,0.3728813559322034,0.7545861690694868,0.7637591813118749,-0.00917301224238809,1.3288180852008953,1.3548109573035865,1.2671836129294993,65,1360, moving
8660,66,22,0.3333333333333333,0.6106917249767734,0.6602489846359001,-0.04955725965912672,0.9406896518740916,0.9899098128979941,0.842163148638175,122,1361, understanding
12624,69,22,0.3188405797101449,0.8297858686374489,0.8212500804550332,0.008535788182415627,1.0788649970087307,1.0340309463618937,1.034708020915958,157,1362, patterns
18776,40,21,0.525,1.3258186058257706,1.3765838358085603,-0.05076522998278965,1.064136109687388,1.211134804226458,1.2042447628453374,2,1399, flexible
2168,52,21,0.40384615384615385,0.9324032897129655,1.0156239508248222,-0.08322066111185666,0.7898486948061663,0.8030937310451498,0.748985816223117,43,1400, image
4250,65,21,0.3230769230769231,0.8067176887765527,0.7544028887668481,0.052314800009704565,1.2269438181932155,1.1731296722275706,1.2168001424521209,148,1401,just
11137,66,21,0.3181818181818182,0.7945057913170096,0.8738694116902702,-0.07936362037326061,1.1435122113589387,1.0119711240964313,0.8830366990173526,159,1402, causes
4345,45,20,0.4444444444444444,1.253002815346958,1.2324196066164101,0.020583208730547753,0.9131753486891587,0.9827130323896806,1.0320047629376252,17,1441, personal
10063,50,20,0.4,0.8659619095444213,0.976923576630652,-0.11096166708623068,1.0696513875957316,0.9799241039715707,1.0808758092019708,49,1442, flat
24047,54,20,0.37037037037037035,0.6682317785711752,0.657626405901586,0.010605372669589164,1.2457930508449122,1.1693302105974268,1.1241707940137498,69,1443, placing
3886,65,20,0.3076923076923077,0.7375186514883143,0.74194777356623,-0.0044291220779156815,0.7633811758545702,0.7830493181003756,0.705052803772448,186,1444, border
2487,66,20,0.30303030303030304,0.8391687408595387,1.0490865914064005,-0.20991785054686174,0.4979110485697598,0.47634643247549596,0.45939923224811063,195,1445, body
21803,42,19,0.4523809523809524,1.196309157252147,1.0707721390444065,0.12553701820774044,0.9645803449558505,0.8914360207355847,0.7975594041040278,15,1502, sustainable
51240,43,19,0.4418604651162791,1.1508362986055862,1.1602445196307556,-0.009408221025169361,1.0874623239431584,1.0468664930874163,1.195517588504519,18,1503,specific
9691,43,19,0.4418604651162791,0.9390053808991937,1.0605402442703036,-0.12153486337110986,0.9411123544577951,0.9286661693778051,0.8280453982969564,19,1504, delivery
7375,53,19,0.3584905660377358,0.7350334538427459,0.7701936584997143,-0.03516020465696845,1.055923677840323,0.9687115413681516,0.8876503326684096,83,1505, tools
26118,53,19,0.3584905660377358,0.8015471287379217,0.7977137733075135,0.003833355430408192,1.1868857127737324,1.1013358976902827,1.1153730040170111,84,1506, aligned
1015,59,19,0.3220338983050847,0.7304695927453253,1.071794644313157,-0.34132505156783166,0.7745508822099413,0.6495136211138836,0.6624005208250001,151,1507,co
18663,62,19,0.3064516129032258,0.9865180162340831,1.1275191105734423,-0.14100109433935926,0.6550522127890285,0.6746210714869713,0.6596100431988963,189,1508, separated
6559,41,18,0.43902439024390244,0.5618505872405921,0.7253974482510097,-0.1635468610104176,0.6758523234269743,0.745191014679887,0.6624435569222153,22,1571, trade
3728,43,18,0.4186046511627907,1.2688583315926778,1.192244761315483,0.07661357027719484,1.1371623112252902,1.0055935149525055,1.0215431487425988,34,1572, location
10535,48,18,0.375,0.7239358047854694,0.7689542784103954,-0.04501847362492606,0.8043782366609472,0.9890066227405138,0.8745140712223171,64,1573, communication
9977,50,18,0.36,0.7138730830527129,0.7777603741359599,-0.06388729108324698,0.6644495913145329,0.7113418272236595,0.7373101657489315,80,1574, climate
2244,51,18,0.35294117647058826,1.1059765200411409,1.0813964834281553,0.02458003661298558,1.180573299673258,1.255554707026949,1.224116453389619,94,1575, great
9812,58,18,0.3103448275862069,0.8444504611974919,0.9015054817021745,-0.057055020504682585,0.6310280614796848,0.42433166574759024,0.3713676055415598,180,1576, EU
7015,33,17,0.5151515151515151,1.210074814570102,1.295754325759289,-0.08567951118918704,0.9649161776491687,1.0663474669880038,0.8623377100500653,6,1651, sun
10693,38,17,0.4473684210526316,0.8108661225506741,0.8539439332916549,-0.043077810740980715,1.3760420319281126,1.2999001521813243,1.2663400395724334,16,1652, allowing
3590,40,17,0.425,0.9701657736761262,0.9803553218720481,-0.010189548195921883,0.9469303899779333,1.0642403790960089,0.9978649080730975,29,1653, social
7479,41,17,0.4146341463414634,1.1584730228613607,1.1864906128541362,-0.028017589992775482,1.0414979625038985,1.0285736665856549,0.9974326667625729,35,1654, demand
7785,46,17,0.3695652173913043,0.9108076612452429,0.9387231918922423,-0.027915530646999365,1.1361959082056747,1.435785677081541,1.3810924677907124,70,1655, smart
1539,51,17,0.3333333333333333,0.9840299331619605,0.9715723167812708,0.012457616380689762,1.2670150403305431,1.2167397426268616,1.211314678407047,121,1656,try
38770,52,17,0.3269230769230769,0.8181008061823937,0.8060681875078723,0.012032618674521323,1.3157772447627325,1.332450721054696,1.266116953204171,129,1657,unless
4329,52,17,0.3269230769230769,1.1846771616272656,1.2753075244288015,-0.09063036280153591,1.043739116162984,1.204977343937991,1.1694712872222925,130,1658, Some
27079,54,17,0.3148148148148148,0.6576847581244591,0.516104078532576,0.14158067959188314,0.9235818486626225,0.878622039518733,0.9058730346754331,164,1659, accordingly
9008,31,16,0.5161290322580645,0.6046251274951389,0.91610420066131,-0.3114790731661712,0.6436016458807693,0.8632105569535445,0.6399726036921023,3,1721, Initialize
6955,31,16,0.5161290322580645,0.8904209621591543,1.0370552356654381,-0.14663427350628377,0.9399031445753926,1.0733010593441226,1.0245884144979138,4,1722, economic
6583,31,16,0.5161290322580645,2.0267291796664075,2.077422599638662,-0.05069341997225463,0.9278059605088446,0.5278264125508647,0.4519117416273202,5,1723,Long
6069,34,16,0.47058823529411764,0.7155373263830209,0.752832431688576,-0.03729510530555513,1.340872027363409,1.4105648893643827,1.2834639068254654,11,1724, led
9124,37,16,0.43243243243243246,1.039403552343641,1.0630230928859297,-0.023619540542288764,1.4225664806954965,1.4912901418031872,1.4841544244413238,27,1725, visual
11450,39,16,0.41025641025641024,1.3009113330880586,1.3668320044779625,-0.06592067138990387,0.9828853310109713,0.9608879255560728,0.9598632483528211,38,1726, creates
7661,40,16,0.4,0.8476582830771804,0.8432838036445901,0.004374479432590284,0.8966370461508631,0.9518506290856749,0.9173513865505811,47,1727,More
7802,42,16,0.38095238095238093,0.5482721069295492,0.6199801528100146,-0.07170804588046542,1.0263637355750515,1.1523746136753332,1.019351736952861,61,1728, affect
16652,43,16,0.37209302325581395,0.5563792794195632,0.5333879379512265,0.0229913414683367,1.0054459397377835,1.1324945154145014,0.9920383355212073,66,1729, removal
3730,44,16,0.36363636363636365,1.251854469245121,1.3366174136582147,-0.08476294441309373,1.1057669486577983,1.127921086369249,1.07374232515444,75,1730, doing
4135,46,16,0.34782608695652173,1.4581860768831456,1.263725280377042,0.1944607965061036,1.1780286209933641,1.0724201324679281,1.0791099023316866,102,1731, easy
11249,49,16,0.32653061224489793,0.6612399404129603,0.7039548904921299,-0.04271495007916959,0.8365802741683758,0.7559253008227216,0.7183789279049367,131,1732, nuclear
39289,50,16,0.32,0.7679592861793936,0.8574990115780383,-0.08953972539864474,1.1425145104527474,1.2388696472346783,1.0502089887857438,154,1733,starting
6481,50,16,0.32,1.0339898766670377,0.9605180604197084,0.07347181624732924,0.8089624712010846,0.8462949360534548,0.8874999951571226,155,1734, modern
12344,30,15,0.5,0.8997988193436565,0.9242636006286679,-0.024464781285011394,1.0060359204149185,0.9048152072199931,0.9893116713268683,7,1815, scientific
2464,30,15,0.5,0.8861567056116958,1.0330713857586185,-0.14691468014692266,1.8246598492066066,1.5166498800118764,1.44777801434199,8,1816, fun
17590,31,15,0.4838709677419355,0.6645015335224519,0.8121491985196283,-0.1476476649971764,0.8117609031319115,0.9027700135132275,0.7990010921306337,10,1817, integration
11016,34,15,0.4411764705882353,0.7762944422495233,0.9831545578993374,-0.2068601156498141,1.402265219237854,1.2678436758006308,1.0792236572188438,20,1818, pad
52847,35,15,0.42857142857142855,0.7762294243488993,0.7144389607012271,0.061790463647672156,1.2268132597208024,1.3097851855414255,1.3168928827558244,28,1819, recursively
7079,37,15,0.40540540540540543,0.8097312108934479,0.7678639170842724,0.04186729380917553,0.6825295126056172,1.068962513683112,0.9846216992324067,40,1820, projects
37596,37,15,0.40540540540540543,1.5325257025377486,1.4979625672254966,0.03456313531225197,0.5348220662751889,0.5101454690778376,0.5740561226596804,41,1821, mathematics
18580,37,15,0.40540540540540543,1.2498980698150557,1.2093578288079918,0.04054024100706388,1.2417971743522465,1.3715850976673332,1.3852323511162319,42,1822, strategic
29279,39,15,0.38461538461538464,1.5420991894251739,1.454387270212651,0.08771191921252286,1.0813370579764103,1.0094624818899693,1.0131693173868535,57,1823, Ensure
2526,39,15,0.38461538461538464,0.9027841006381772,1.1878238425303538,-0.2850397418921766,1.0686437198175833,1.1194155943790416,1.0983861410717601,58,1824, custom
45505,39,15,0.38461538461538464,0.6281982713398525,0.6847476061521675,-0.056549334812314944,0.8912669478585017,0.8313975292717842,0.8015538382311375,59,1825, spoon
7611,40,15,0.375,0.7807736483235204,0.8936608009146767,-0.11288715259115634,0.5986536262367735,0.6468071140378016,0.5900385081782588,63,1826, devices
7203,41,15,0.36585365853658536,1.173605908870164,1.1749154067631646,-0.0013094978930006107,1.4057763744168348,1.1754614431183876,1.1694878738759675,73,1827, movement
18822,41,15,0.36585365853658536,0.47986882562797356,0.7674850932412594,-0.2876162676132858,0.9396200750119666,0.9849604220447562,0.9194885570408277,74,1828, repeatedly
52280,43,15,0.3488372093023256,1.0923510462392207,1.0263195962233598,0.06603145001586097,1.246479491854823,1.0989604895544607,1.0903322236655757,101,1829,Important
3942,44,15,0.3409090909090909,0.840321283599425,0.8637708481029527,-0.023449564503527642,0.893088272612555,0.8735971657083287,0.9133710213965184,112,1830, community
56204,45,15,0.3333333333333333,0.7663350510320419,0.7239835156218356,0.04235153541020631,1.0137400433912667,0.9445848588534217,0.9772296463811977,116,1831, approximation
5404,46,15,0.32608695652173914,0.8745124671237994,0.9359807014756364,-0.061468234351837014,1.0515520708244517,1.0720587253410236,1.049411238819987,133,1832,Do
1633,47,15,0.3191489361702128,0.5633115867840776,0.7481082627789951,-0.18479667599491756,0.44836679956611947,0.5882072411414094,0.5166034789181914,156,1833, object
9956,49,15,0.30612244897959184,0.788432874160649,0.9319690949316598,-0.1435362207710108,0.9304557262362462,0.8384794113587063,0.6909340277846667,190,1834, wind
11464,30,14,0.4666666666666667,0.9381044713935505,1.3383263751243553,-0.4002219037308048,0.7239218155232569,0.7545821614253024,0.8655648212724676,13,1903, explicit
5547,32,14,0.4375,1.031078974366153,1.0194835260170123,0.011595448349140725,0.8376648012553005,0.9410840994846694,0.8689984881120836,24,1904, Work
5601,32,14,0.4375,0.8482396015169797,0.8588256579823792,-0.010586056465399452,1.142951496760361,0.9829604426340666,1.0431034955981886,25,1905, rules
7468,33,14,0.42424242424242425,0.5858162476508755,0.7075684789632154,-0.12175223131233992,0.8720089170793252,0.9256759571016477,0.9280586016586423,30,1906, programs
5501,33,14,0.42424242424242425,0.6348742590593743,0.8255388103010993,-0.190664551241725,0.45222835409224377,0.5903202650703007,0.8372958317102696,31,1907,Please
14892,33,14,0.42424242424242425,0.9349976164768591,0.9454703539588742,-0.01047273748201516,1.0726600996541409,1.1097197630866007,1.038805279118771,32,1908, EV
6116,34,14,0.4117647058823529,0.7194939357064226,0.7310951893656131,-0.011601253659190514,1.2485687706400366,1.2068612864788841,1.1618647126152235,36,1909, became
11682,34,14,0.4117647058823529,1.2007521150996634,1.45989234481535,-0.2591402297156866,0.8387438179514206,1.0547521539470728,0.9315075046547195,37,1910, detailed
4243,35,14,0.4,1.2019832142096545,1.23698374754084,-0.03500053333118558,1.2013887000137142,1.1562430886285646,0.9887192900691714,44,1911,dis
11178,35,14,0.4,0.6539013575804087,0.7806817391945515,-0.12678038161414285,1.1041648896793568,1.2126796461593454,1.1296807784049763,45,1912, candidates
7945,35,14,0.4,0.9834782392850944,1.0442221079021692,-0.060743868617074814,1.0770742870867251,1.0480332698140826,1.0181737857205526,46,1913, particularly
17903,36,14,0.3888888888888889,0.7644329307626726,0.8512251599070927,-0.08679222914442009,0.9650569604192343,1.065138490508414,0.9776858097045786,51,1914, transportation
2390,36,14,0.3888888888888889,0.6840307387842807,0.759157154040431,-0.07512641525615038,0.8912935695839413,0.8640499063293545,0.8133871004743014,52,1915, project
656,36,14,0.3888888888888889,0.7208684931011216,0.9107536600765245,-0.18988516697540292,0.7868058859685656,0.7484498840016198,0.7418820722868867,53,1916, self
4650,37,14,0.3783783783783784,0.9463749236232173,0.9243612501241669,0.022013673499050368,1.1534938601496931,1.434571464495683,1.3237017815982974,62,1917, potential
3085,39,14,0.358974358974359,1.1410992141210068,1.1531212020080346,-0.012021987887027796,0.9869030971760646,1.104499081776549,1.1743034082345474,81,1918, With
395,40,14,0.35,0.8348510436248034,0.8847101318649948,-0.04985908824019136,1.2287046810612083,1.196886445581913,1.2228171799331904,98,1919,ass
5904,40,14,0.35,0.6572647243272514,0.71565521103621,-0.05839048670895863,0.9258449429646134,0.9985226966440678,0.8722346485592425,99,1920, evidence
26567,40,14,0.35,1.0035269433445384,1.158487751243456,-0.15496080789891753,0.6048100869706637,0.5628335988622488,0.5831008492977844,100,1921,Apple
6534,42,14,0.3333333333333333,1.1878174500300789,1.0663560467350006,0.12146140329507826,0.8613243256459966,0.8719887775906023,0.8360658008683198,126,1922, situation
24065,42,14,0.3333333333333333,0.7250576909850462,0.7500801024517776,-0.025022411466731342,0.9641950663533949,1.061352014031616,0.973342543512228,127,1923, transit
2205,43,14,0.32558139534883723,1.358540688581808,1.3549211492036404,0.0036195393781677243,1.1027676001513311,0.8176769655100394,0.7845078534013483,135,1924, local
3421,43,14,0.32558139534883723,0.842605662082908,0.7843049191174137,0.05830074296549426,1.2300103640405289,1.1108441065910082,1.1886080796830356,136,1925, cover
34087,44,14,0.3181818181818182,0.6657891101540738,0.71688567543127,-0.05109656527719619,0.7379936535460097,0.6643584552887618,0.7584015784403949,158,1926,closed
10847,45,14,0.3111111111111111,0.8398434579346536,0.7925540964377837,0.04728936149686991,0.9292110739068853,1.1830405248949925,1.1386338950238295,175,1927, advanced
7377,45,14,0.3111111111111111,0.798447674670561,0.8037400073554747,-0.005292332684913692,0.8737767874955973,1.0198998455411528,1.049985809451807,176,1928, digital
13655,45,14,0.3111111111111111,1.4126469302094644,1.2746754195127221,0.1379715106967423,1.3563605333937125,1.211430054737462,1.1946198278003268,177,1929, Keep
5896,45,14,0.3111111111111111,1.1840088267862685,1.1467811240044132,0.037227702781855276,0.7425662516997995,0.8902927550944797,0.9835465114365636,178,1930, financial
4752,46,14,0.30434782608695654,0.7436287286794702,0.7460320056682341,-0.0024032769887639693,1.0937369679198463,1.1675493429447126,1.169000306177306,192,1931, building
4480,46,14,0.30434782608695654,0.8551747718628299,0.7035095125962549,0.15166525926657493,1.22525345015263,1.1908569781010991,1.1479603718224731,193,1932,part
3900,30,13,0.43333333333333335,1.040722018914918,0.9479340881109237,0.09278793080399428,1.0285519483188788,1.0660285629332065,0.9975668137272199,26,2012, hope
34006,31,13,0.41935483870967744,1.2565650412082416,1.41099018193434,-0.15442514072609836,1.1798003751356456,1.0688254281788343,1.048418674002131,33,2013, Avoid
2618,33,13,0.3939393939393939,0.9405610075336881,0.9929095708789784,-0.052348563345290255,1.2173532591991578,1.182729806200686,1.1009659082205459,50,2014, job
9186,35,13,0.37142857142857144,0.5104060476679089,0.5578534535053352,-0.04744740583742635,0.6757318639778532,0.7819403300327914,0.7056302171267037,67,2015, Support
8960,35,13,0.37142857142857144,0.6495615074714773,0.8456764466960254,-0.19611493922454803,0.8059018443226056,0.7005792076271583,0.5621217258855592,68,2016,break
1055,36,13,0.3611111111111111,1.171143558031569,1.1231827740428142,0.04796078398875481,1.1815601647014975,1.0970766157843173,1.1602498922729865,77,2017,of
20975,37,13,0.35135135135135137,0.8798827035391057,0.8051274213974811,0.07475528214162463,1.1122861987457844,1.2388151114514707,1.2672657575009931,95,2018, explicitly
14043,37,13,0.35135135135135137,0.5281470050396353,0.6261155358820852,-0.09796853084244994,0.9055292947972752,0.7425417325100933,0.6435058302378968,96,2019, maps
17059,39,13,0.3333333333333333,1.2429237767204517,1.1583303160710399,0.08459346064941187,0.3591398420408842,0.3862585921037046,0.462060890543235,118,2020, weekly
17233,39,13,0.3333333333333333,0.5477732366084987,0.6157136540876262,-0.06794041747912749,0.8642141043862629,0.8232123429091492,0.7581061455010711,123,2021, cooking
18654,39,13,0.3333333333333333,1.0232922483126645,0.8916090566620906,0.13168319165057396,1.030440704538845,1.0555714583617652,1.0671767115981754,124,2022,also
6514,40,13,0.325,0.924461166635956,0.9079900788817212,0.01647108775423478,1.2232729034047225,1.0828703421771935,1.0951089291236713,137,2023, mix
34946,40,13,0.325,1.1907490539131687,1.1193095809794613,0.07143947293370734,0.9586725716944784,1.0253941089380532,1.0141841345917784,138,2024,especially
4399,40,13,0.325,0.6957521973410621,0.6137294093026867,0.08202278803837537,0.7585080777993426,0.6707015281252098,0.7633418846875429,139,2025, fall
8149,40,13,0.325,1.0247389448452666,1.1142363998323161,-0.08949745498704953,0.8747333930687773,0.9309020000606267,0.8966311159385896,140,2026, supply
17719,41,13,0.3170731707317073,0.7329404556355767,0.7398259573648119,-0.006885501729235188,1.0790069761097563,1.1054300751214814,1.105769688520501,160,2027, reducing
6961,41,13,0.3170731707317073,0.7817057489920421,0.8159800361039432,-0.03427428711190106,0.8816441867597083,0.9258001635430335,0.889275541455235,161,2028, physical
5815,41,13,0.3170731707317073,0.9397584890116987,0.9034269381845994,0.03633155082709927,0.6913920489390787,0.6390840873243473,0.7011354705638241,162,2029, associated
21008,42,13,0.30952380952380953,0.6301255049183965,0.6226544684420029,0.007471036476393578,0.8960045683419421,1.0226472944376015,1.1462544614360446,181,2030, Handles
34193,43,13,0.3023255813953488,0.8067811827045367,0.9337536511119715,-0.1269724684074348,0.9668658474070388,1.1596405918948178,1.0767583626993866,200,2031,Notice
20599,31,12,0.3870967741935484,1.3987024677219324,1.1907280211529019,0.20797444656903052,1.0143001955533575,0.8874426410326364,0.8962454862383956,54,2121,skip
19798,31,12,0.3870967741935484,1.1866063904618063,1.03636261243974,0.15024377802206623,0.9076423242447837,1.083169825014568,1.0930750577920867,55,2122,direct
883,31,12,0.3870967741935484,0.9900198866569282,1.1534212304463276,-0.1634013437893994,0.7870323387790721,0.7854475168777494,0.6129851704746663,56,2123, man
16229,33,12,0.36363636363636365,0.9452195247691689,1.0397507433751316,-0.0945312186059627,1.0576686952404226,1.1229032869591857,1.148854578308987,76,2124, educational
52933,34,12,0.35294117647058826,0.7388873533302959,0.7068854239741929,0.03200192935610302,1.0117669005532448,0.8659798211883754,0.8594122988168451,90,2125, trig
58078,34,12,0.35294117647058826,0.6438505718046251,0.6449761314742157,-0.0011255596695906034,1.2953614182770252,1.3304156678564407,1.2031748213750475,91,2126,much
3476,34,12,0.35294117647058826,0.8783137214293673,0.9886987745446658,-0.11038505311529856,0.6550112955833808,0.4444007874425625,0.41292827250045233,92,2127, role
44868,34,12,0.35294117647058826,0.8055343806524488,0.9400263348703876,-0.1344919542179388,1.2835461065611418,1.2230954538373386,1.223971646059962,93,2128, approximate
4228,35,12,0.34285714285714286,0.7632873417011329,0.6924015121800559,0.07088582952107703,1.5203747868537902,1.5286138594150542,1.4942813864776066,108,2129, treat
15862,35,12,0.34285714285714286,0.8569009151037591,0.7705549117624315,0.08634600334132758,1.5538783778336585,1.382036741638357,1.4765367185708165,109,2130,best
10000,35,12,0.34285714285714286,0.6632197274075768,0.7658845122853375,-0.10266478487776065,0.706712202333029,0.7493416979021333,0.6683002386925604,110,2131, rise
20823,35,12,0.34285714285714286,0.733211735529559,0.6901099475366729,0.04310178799288611,1.13922104707786,0.9601260219301496,1.066315968707204,111,2132,overflow
3397,36,12,0.3333333333333333,0.678794239492306,0.5616481821709676,0.11714605732133843,1.1310871348840557,0.9775717874142613,0.9967892323677966,120,2133,move
13014,37,12,0.32432432432432434,1.3066895188751153,1.183367295819964,0.12332222305515139,0.9250556853901897,1.183801615963111,1.1883029522928032,141,2134, tech
17976,37,12,0.32432432432432434,0.8998293281087713,0.8859429909603038,0.013886337148467431,1.053192156059269,1.1062634971412253,1.1197008699517617,143,2135, rounded
6946,37,12,0.32432432432432434,0.9272289703579577,0.9379369299519038,-0.010707959593946104,0.9985606466097465,0.9483135107523074,0.9258965744819273,144,2136, rock
28800,37,12,0.32432432432432434,0.8061390961394519,0.6599256490432733,0.14621344709617856,0.9263024757037291,0.8317544807717707,0.7493993847354038,145,2137, Regular
2692,39,12,0.3076923076923077,0.5951514681438994,0.5514732727637032,0.04367819538019624,0.8986995298030127,0.9247714628668029,0.874740323455008,184,2138, account
6033,39,12,0.3076923076923077,1.524457020307608,1.5445337678188618,-0.020076747511253767,0.6018230255928709,0.49807696301809995,0.500582874728372,185,2139,Red
4431,30,11,0.36666666666666664,1.234996562435602,1.2658705292618833,-0.030873966826281185,1.3319962942351897,1.2892563195278248,1.3907494889882703,71,2267,Order
29436,31,11,0.3548387096774194,1.0795346604239555,1.0020745355155198,0.07746012490843568,1.1473357601451777,1.3347233442529556,1.254960582621636,87,2268, optimize
144582,31,11,0.3548387096774194,1.0961661127118034,0.9266620373309706,0.16950407538083279,1.2054304542590775,1.2861379080699877,1.358207242540835,88,2269,👉
55980,31,11,0.3548387096774194,1.0951996570670857,1.093493385142797,0.001706271924288627,1.080815251015367,1.16326973073545,1.144495461060996,89,2270, greedy
8692,32,11,0.34375,0.34764865869436967,0.38569381671286074,-0.038045158018491065,0.6263797597498453,0.5872182244064845,0.6348762088387616,104,2271, processing
1866,32,11,0.34375,0.8909000745500664,0.794187370329027,0.09671270422103939,1.180698062089803,1.1320461725506057,1.2621257167600106,105,2272,true
10298,32,11,0.34375,0.8106421488962487,1.0939004050924872,-0.28325825619623846,0.8667635860781786,0.9248486302232863,0.8869357377879794,106,2273,DP
3565,34,11,0.3235294117647059,0.9664627102037872,0.9778057478984813,-0.011343037694694136,0.7029668370189884,0.662171912879892,0.7637351588928141,147,2274, details
27745,35,11,0.3142857142857143,0.629689969728601,0.6463983463414479,-0.016708376612846854,1.0142343582452409,1.3592191982634956,1.1708070839395597,167,2275, Strategy
11715,35,11,0.3142857142857143,0.759033262947096,0.7792742739710385,-0.02024101102394249,0.8358778687739427,0.8405150545466313,0.7424354811868398,168,2276, arms
26931,35,11,0.3142857142857143,0.672476527488517,0.739784182990697,-0.06730765550217999,0.573685245353547,0.5630312127457651,0.6068097082210671,169,2277, circular
6589,35,11,0.3142857142857143,0.43699855337776433,0.3680223204323608,0.0689762329454035,0.6428273333074945,0.8751933471397414,0.8091782746582924,170,2278, selection
6733,30,10,0.3333333333333333,0.5974636927097389,0.6764182468270491,-0.07895455411731023,0.41208288525537495,0.5436515445871959,0.4883317913401451,119,2403, library
20913,30,10,0.3333333333333333,0.5514995679880182,0.6196153440823158,-0.06811577609429753,1.2935284266869227,1.3520465781291326,1.2262155950069427,125,2404, connecting
48786,31,10,0.3225806451612903,0.4009255855689257,0.5286428059498576,-0.12771722038093186,0.5706150412076949,0.4129239574512241,0.45730655134379516,149,2405, flooded
7010,31,10,0.3225806451612903,0.817715880232776,0.8429474756448907,-0.025231595412114727,0.8266418234390233,1.0114887263797196,0.9827696473356252,150,2406, cool
5440,32,10,0.3125,0.7227555059589803,0.7126821825859064,0.010073323373073872,0.7657031973665105,0.864545069366498,0.9524783453458987,173,2407, technology
