sample_idx,n_tokens,total_kl,rock_count,nonrock_high_count,rock_kl,nonrock_high_kl,rock_pct,nonrock_high_pct,rock_kl_share,nonrock_high_kl_share
0,4096,395.85567147463667,1912,99,179.2031767415583,149.29038166999817,46.6796875,2.4169921875,45.2698267714576,37.71333655871684
1,647,67.22406950718143,325,15,39.47354046300443,23.438868522644043,50.23183925811438,2.3183925811437405,58.71935565993598,34.86678014954169
2,317,34.89479762943618,188,3,17.394656376622027,16.44175434112549,59.305993690851736,0.9463722397476341,49.84885300480559,47.118067614914985
3,3168,412.72893523197973,1444,101,203.60959286664516,142.6992626786232,45.58080808080808,3.188131313131313,49.33252202252398,34.574571952028805
4,257,27.411417418651872,146,2,21.444722858570387,3.3327927589416504,56.809338521400775,0.7782101167315175,78.23281274020694,12.158410884195574
5,3988,402.6162001099189,1920,94,196.30071077734425,125.85278290510178,48.144433299899696,2.3570712136409226,48.75628718460705,31.258747877194832
6,465,64.48383183297749,245,17,29.788659428918248,28.977227687835693,52.68817204301075,3.6559139784946235,46.19554791048276,44.937198773935975
7,1794,160.84286425925623,944,40,71.60472546189372,67.91416245698929,52.61984392419175,2.229654403567447,44.518434679499926,42.22392007861856
8,2118,215.47710308659845,883,47,78.25402184577776,120.46794271469116,41.69027384324835,2.2190745986779983,36.31662980652201,55.90753773326723
9,365,32.068683474315925,218,5,18.501704900578677,11.906706035137177,59.726027397260275,1.36986301369863,57.69399581182323,37.12876471737094
10,865,147.44727892372177,478,32,69.94276786562554,63.173143446445465,55.26011560693642,3.699421965317919,47.4357806913539,42.844563770570865
11,535,19.793363803058124,309,6,7.920321654178245,9.347430109977722,57.757009345794394,1.1214953271028036,40.015036014012615,47.225071003512404
12,529,74.20754491132074,288,13,32.67181601428585,34.950947999954224,54.44234404536862,2.4574669187145557,44.027620174376096,47.0989143243065
13,570,97.52038883973852,307,19,55.99893089053196,33.02084028720856,53.85964912280702,3.3333333333333335,57.42279287109753,33.86044772798621
14,327,32.90484687598873,151,4,20.643120843309823,10.040840744972229,46.17737003058104,1.2232415902140672,62.73580582553474,30.514777299569243
15,398,78.49389881467927,199,13,39.959061647283114,32.901087641716,50.0,3.2663316582914574,50.907219861284695,41.915471315030565
16,560,56.91533643193176,273,9,36.43291812387698,12.431103646755219,48.75,1.6071428571428572,64.01247960195957,21.841395353293347
17,620,62.27579181173894,277,16,26.182178763751846,29.825650095939636,44.67741935483871,2.5806451612903225,42.042305689024616,47.89284765114383
18,199,25.394917589254522,118,6,5.231213039635011,19.255220890045166,59.2964824120603,3.0150753768844223,20.599448772570618,75.8231280821038
19,2009,145.98186968835628,1125,25,73.84276499514485,51.98264253139496,55.998008959681435,1.2444001991040319,50.583517770244484,35.60897160884984
20,323,78.65421214748034,155,9,48.09953031870767,26.87733006477356,47.98761609907121,2.7863777089783284,61.15315252095946,34.17150757848455
21,4096,618.6605105405195,2109,118,342.3408508631258,157.570228099823,51.4892578125,2.880859375,55.33581746861861,25.46957910117052
22,4096,810.4732120808682,2390,199,332.09166530118904,304.9479265809059,58.349609375,4.8583984375,40.97503290066215,37.625910645209395
23,635,95.91509067141024,329,15,48.9145620792083,39.99193513393402,51.811023622047244,2.3622047244094486,50.99777494532301,41.69514395908772
24,4096,285.782267444195,2040,50,148.86963027398357,100.79058784246445,49.8046875,1.220703125,52.09197603663548,35.26831414134046
25,4096,451.41099211899024,2374,69,257.4621343600298,125.53253972530365,57.958984375,1.6845703125,57.03497231014785,27.808923999842197
26,958,57.94565286908919,565,13,29.160050769378717,22.022800743579865,58.97703549060543,1.3569937369519833,50.32310333142178,38.00595843373061
27,752,31.07043869956676,385,9,16.410423849401816,12.548535823822021,51.1968085106383,1.196808510638298,52.816839852443536,40.38737896545051
28,3415,372.8958642275463,1553,79,157.98052963275825,134.74757331609726,45.47584187408492,2.3133235724743777,42.365857277611504,36.135443227622495
29,1284,70.96492737024137,717,12,32.76793489908369,31.949871003627777,55.8411214953271,0.9345794392523364,46.17483045973593,45.022058342901545
30,604,81.40450210736181,350,17,52.796192494220406,22.370389819145203,57.94701986754967,2.814569536423841,64.85660022167961,27.480531469428566
31,398,92.44703024920129,197,19,55.94440297637434,31.39867103099823,49.49748743718593,4.773869346733668,60.51508937125396,33.963958546163795
32,1143,119.23751162096343,506,23,57.14292751835656,43.89036279916763,44.269466316710414,2.012248468941382,47.923616269353715,36.809190499285094
33,1028,87.04305531668048,559,17,51.89422585112245,26.234444320201874,54.37743190661479,1.6536964980544746,59.6190306766239,30.139617945114157
34,214,42.149458003621156,119,6,19.16047901445599,21.4696204662323,55.60747663551402,2.803738317757009,45.45842324427961,50.93688384886894
35,1078,103.1126285169681,624,19,48.46941505268497,45.08026176691055,57.88497217068646,1.7625231910946197,47.006284050560204,43.719438070082944
36,4096,541.2022328316848,1956,101,280.13746716563264,153.17990630865097,47.75390625,2.4658203125,51.762067887246886,28.303635317094173
37,4096,406.38302537052834,1998,110,169.89315689189002,162.321282684803,48.779296875,2.685546875,41.806164698189924,39.94292885063374
38,648,112.5744957126011,347,25,49.228205387534736,57.55403459072113,53.54938271604938,3.8580246913580245,43.72944784333095,51.12528750531083
39,808,93.58219390639073,416,11,56.52445764343963,28.304694831371307,51.48514851485149,1.3613861386138615,60.400868246346576,30.24581242419278
40,788,111.9333672986806,488,16,68.37210266173985,37.97935235500336,61.92893401015228,2.030456852791878,61.0828605551526,33.93032236192812
41,610,64.74462947729617,297,19,28.812160189178847,29.38891863822937,48.68852459016394,3.1147540983606556,44.50123573459067,45.39205626087505
42,2061,263.3352427596486,1031,77,110.32105363946714,113.93931818008423,50.02426006792819,3.7360504609412906,41.8937672312093,43.26778177734415
43,286,29.308071792958255,171,3,22.007939960544874,6.407361030578613,59.79020979020979,1.048951048951049,75.09173621525194,21.862103641079816
44,177,16.335485284323667,93,5,7.652041597756974,7.958491206169128,52.54237288135593,2.824858757062147,46.84306260004561,48.719037528725806
45,3197,369.9861484716439,1509,80,202.29541976217686,116.09207826852798,47.20050046918986,2.5023459493274944,54.676484673231215,31.377412032338665
46,248,26.546445861855183,151,3,18.499404462536262,7.423749089241028,60.88709677419355,1.2096774193548387,69.6869349622362,27.965133742849837
47,816,39.00633719972465,449,4,23.59615334213281,11.179312348365784,55.02450980392157,0.49019607843137253,60.49312762004061,28.660246387975903
48,1698,191.53186660193694,1018,32,111.72822950461251,57.51191973686218,59.95288574793875,1.8845700824499412,58.33401589345897,30.0273373602054
49,4096,487.6539402179186,2068,100,252.59695836306443,145.9989354610443,50.48828125,2.44140625,51.798404058867256,29.939045585441505
50,1454,181.17220824022397,735,43,80.36658622365356,73.84278672933578,50.55020632737276,2.9573590096286106,44.35922430061242,40.75834116423888
51,2067,176.50674231853014,908,34,92.54583112068887,65.21372991800308,43.92839864537978,1.644895984518626,52.43189574802614,36.94687753078358
52,3413,369.47089114328384,1733,70,195.936772063982,129.69892477989197,50.77644301201289,2.0509815411661294,53.03172097203081,35.10396296134562
53,421,46.439541335250084,230,8,32.582973336517234,11.17880117893219,54.63182897862233,1.9002375296912113,70.16213424955819,24.071730377851267
54,4096,400.9523268915535,1992,89,184.24298117917607,130.28710067272186,48.6328125,2.1728515625,45.95134354439316,32.49441191245684
55,512,82.52199002521672,275,15,33.64446241251921,45.00111651420593,53.7109375,2.9296875,40.77029941017937,54.53227254996478
56,231,16.888232468162716,132,5,9.888731398589874,5.791093349456787,57.142857142857146,2.1645021645021645,58.553974888916706,34.29070129377965
57,961,91.28586366124404,558,15,43.612132591562826,41.2573624253273,58.064516129032256,1.5608740894901145,47.775340937129805,45.195784725695006
58,469,93.76006643892674,254,18,51.38650940695243,34.38430714607239,54.15778251599147,3.837953091684435,54.80639184532199,36.67265654986451
59,1826,217.33711384014495,928,51,100.01244259047432,87.26991480588913,50.82146768893757,2.792990142387733,46.017194589247715,40.154170295128516
60,4096,810.686279781809,1995,172,398.22644854758045,249.2336322069168,48.7060546875,4.19921875,49.1221399053109,30.743536485407947
61,3559,450.1861545531991,1526,95,211.40822630261428,156.88727116584778,42.87721270019669,2.6692891261590335,46.96017950894842,34.849421640155796
62,191,32.81543753381192,98,4,26.04004790717026,5.283040404319763,51.30890052356021,2.094240837696335,79.35304193442332,16.099253282472
63,4096,549.2331389620504,2238,131,254.30764850062977,194.07220649719238,54.638671875,3.1982421875,46.30231325466349,35.33512323454356
64,3486,347.24220709702564,1567,62,196.3298387811318,99.38400393724442,44.951233505450375,1.7785427423981641,56.53973934288287,28.620945814192098
65,4096,926.0380583125299,1910,223,444.1867983689046,310.56351643800735,46.630859375,5.4443359375,47.9663653541759,33.53679836916539
66,720,86.55112735933979,432,20,48.154373253051645,28.146654844284058,60.0,2.7777777777777777,55.63691048543607,32.520263690414815
67,315,57.053756195281515,178,15,22.29772947993125,31.66745960712433,56.507936507936506,4.761904761904762,39.08196579312218,55.50460078164548
68,463,92.02245532069036,226,19,53.80991480285617,33.35027086734772,48.81209503239741,4.103671706263499,58.47476533345393,36.241448623735245
69,275,41.49615634096896,149,7,22.42276531985465,16.30128502845764,54.18181818181818,2.5454545454545454,54.035764506981,39.28384329023616
70,2200,120.3619321334161,1057,36,54.46716530375412,47.90310513973236,48.04545454545455,1.6363636363636365,45.25281734708244,39.79921582401469
71,513,98.37591562980126,254,17,40.507732227864466,46.111512184143066,49.512670565302145,3.313840155945419,41.17647288824152,46.87276544155935
72,651,43.22017126349768,346,10,22.62317759996227,14.112550735473633,53.14900153609831,1.5360983102918586,52.34402580692467,32.652695079421456
73,474,115.30652267497688,232,20,68.46909775156996,34.42982083559036,48.9451476793249,4.219409282700422,59.38007335852884,29.859386994645806
74,1603,198.80963952450773,701,52,93.99150279227644,76.39721482992172,43.7305053025577,3.243917654398004,47.27713556398752,38.427319224882986
75,702,96.77375553920723,312,18,56.89431288758084,28.163969337940216,44.44444444444444,2.5641025641025643,58.791056077730175,29.10290003835779
76,4096,419.3750291774208,1977,109,176.0931693016155,170.18777722120285,48.2666015625,2.6611328125,41.98942642031209,40.581285336663
77,469,52.496228350274436,266,11,30.097579646213326,17.400292217731476,56.71641791044776,2.345415778251599,57.332841981315376,33.145794973365
78,1197,61.3533266195473,546,15,25.324697207641393,29.847691535949707,45.6140350877193,1.2531328320802004,41.2768118747336,48.64885602868055
79,594,75.03630966773748,321,18,40.646700975227304,28.520017564296722,54.04040404040404,3.0303030303030303,54.169376339550595,38.00828917437974
80,261,30.293714859428867,153,4,21.155009850638848,6.626762688159943,58.62068965517241,1.5325670498084292,69.83299984437,21.87504146952573
81,4096,343.6423363657309,2039,80,165.15149861115012,122.44608587026596,49.7802734375,1.953125,48.05912459964859,35.6318395356122
82,650,38.493509384565606,382,11,14.511699108753527,20.27979815006256,58.76923076923077,1.6923076923076923,37.69908054829668,52.68368219550792
83,385,53.67692390040279,207,9,23.26756122720183,27.4556485414505,53.76623376623377,2.3376623376623376,43.34741921942966,51.14981736359239
84,398,93.27888185145143,229,13,51.10122291702362,39.041423976421356,57.537688442211056,3.2663316582914574,54.783271307221916,41.854515407459154
85,628,45.231628791214916,369,8,29.262004019098416,12.552316904067993,58.75796178343949,1.2738853503184713,64.69367741358413,27.75119366584906
86,490,85.35667075303876,258,19,36.19908780114686,42.989425361156464,52.6530612244898,3.877551020408163,42.40920771837642,50.364458901562784
87,4096,656.2789974067641,1716,183,253.75230265261354,274.1415838599205,41.89453125,4.4677734375,38.66530906143518,41.77210987143727
88,604,89.42690473800695,264,20,42.76031974556741,35.486001908779144,43.70860927152318,3.3112582781456954,47.815945179855945,39.681572355369006
89,4096,509.68253826622134,1975,87,286.787933451441,171.2417163848877,48.2177734375,2.1240234375,56.26795346511238,33.597720841564986
90,561,102.57452388693032,288,20,59.00964134268312,37.309272944927216,51.336898395721924,3.5650623885918002,57.528554953596924,36.37284535295906
91,4096,350.06952506478365,1883,70,187.46575226409456,123.96737003326416,45.9716796875,1.708984375,53.551005969286315,35.4122141909733
92,449,76.69343283749393,228,17,33.22860050620606,39.25325357913971,50.779510022271715,3.7861915367483294,43.32652650535841,51.182027100434546
93,960,50.67948606142149,507,8,29.49677416583007,12.28914886713028,52.8125,0.8333333333333334,58.202591340569576,24.24876379416383
94,3277,374.2007161007172,1679,75,207.75443699865716,99.85124868154526,51.23588648153799,2.2886786695148,55.519518819611086,26.68387429132284
95,3725,346.6933795089414,1674,81,144.20118578625375,125.09677767753601,44.939597315436245,2.174496644295302,41.59329087578804,36.08282853705595
96,186,27.784785646501177,117,2,23.857929692785895,3.226820170879364,62.903225806451616,1.075268817204301,85.86688411537278,11.613622692409377
97,192,25.675881673040493,121,3,14.589123704337311,10.348812878131866,63.020833333333336,1.5625,56.820341712572215,40.3055794146226
98,2367,238.43657648645885,1233,50,128.64860567152195,72.7291989326477,52.09125475285171,2.1123785382340516,53.955063257179454,30.502534470326157
99,1785,102.93688416399414,745,27,46.44008928185065,42.36790257692337,41.73669467787115,1.5126050420168067,45.11511073898887,41.159107273370395
100,247,44.77242120673097,147,4,34.242452800107706,8.904828667640686,59.51417004048583,1.6194331983805668,76.4811280631832,19.889093391942712
101,457,85.0285097211306,216,19,47.71240308514247,29.106623709201813,47.264770240700216,4.157549234135668,56.11341800723736,34.23160514592492
102,3910,587.5123525280683,1907,137,290.9160356497826,182.45132726430893,48.77237851662404,3.50383631713555,49.51658197448438,31.054892119156314
103,1584,155.21244016856195,919,26,88.01069346752644,43.74121308326721,58.01767676767677,1.6414141414141414,56.703375948439515,28.181512406971958
104,365,13.101409894611818,220,4,6.764519546046729,4.912641286849976,60.273972602739725,1.095890410958904,51.63199686492333,37.49704288597508
105,428,88.87421430945729,229,17,44.35195052461362,38.583809435367584,53.504672897196265,3.97196261682243,49.90418297278161,43.41395278164704
106,234,57.02301413679734,150,10,28.779934277956457,26.360535979270935,64.1025641025641,4.273504273504273,50.47073486665197,46.22788952550353
107,889,50.68649911604178,494,14,21.570380442363273,23.340886294841766,55.56805399325084,1.5748031496062993,42.55646142176835,46.049513582315264
108,3273,301.15715628096916,1550,75,125.29454984027241,119.60746783018112,47.35716468072105,2.2914757103574703,41.604374070851215,39.715964019328005
109,306,61.4059264802116,191,9,44.29441266734737,13.584779858589172,62.41830065359477,2.9411764705882355,72.13377471248072,22.12291327119206
110,347,41.96007350664707,199,7,20.44291740478247,19.99811840057373,57.34870317002882,2.0172910662824206,48.71992753192871,47.65987456481873
111,1185,124.81597567302936,643,20,68.42268523683546,45.30521506071091,54.26160337552743,1.6877637130801688,54.81885220853219,36.29760919338838
112,4096,424.98047438562776,2020,101,204.54657018561466,141.89238929748535,49.31640625,2.4658203125,48.1308160054452,33.38797847186081
113,438,49.01578669512583,252,9,20.872180123908702,25.641817331314087,57.534246575342465,2.0547945205479454,42.582566824300805,52.31338525851699
114,412,23.935648830286805,227,2,19.696253813464843,2.5525779128074646,55.09708737864078,0.4854368932038835,82.28836390907577,10.664335572878134
115,656,75.49035397036936,272,21,32.649810885346504,31.623994529247284,41.46341463414634,3.201219512195122,43.250308374712155,41.891437602292854
116,286,90.35313842083191,163,9,57.123195714210404,30.535658717155457,56.99300699300699,3.1468531468531467,63.22214890660624,33.795902666857586
117,1929,258.5380862151701,744,74,101.10144826522006,115.6516900062561,38.5692068429238,3.83618455158113,39.10505014765124,44.73294116906404
118,485,109.19733631783603,249,24,49.68157157334373,46.17130184173584,51.34020618556701,4.948453608247423,45.49705445995286,42.28244332567509
119,4096,321.86377134059194,2100,58,186.73663809394992,70.28685492277145,51.26953125,1.416015625,58.017290146130705,21.837454594538645
120,313,93.1411900675599,141,16,41.22527339130315,47.012582659721375,45.04792332268371,5.111821086261981,44.26105502989646,50.47453508551998
121,276,24.186467854684018,169,4,12.906486632110235,10.415201365947723,61.231884057971016,1.4492753623188406,53.36242856813311,43.06210162031033
122,680,47.231537663805945,365,10,27.074742227423396,12.886892259120941,53.6764705882353,1.4705882352941178,57.32344015590048,27.28450712498465
123,4096,465.07915337067004,1947,97,183.5947467364415,189.52330654859543,47.5341796875,2.3681640625,39.47602153436357,40.750763644214466
124,1177,114.21722072415317,674,27,62.81969040883081,33.87765783071518,57.264231096006796,2.293967714528462,55.00019174914709,29.660726829042144
125,635,131.7959287805759,323,17,64.62665731845408,62.51152151823044,50.86614173228347,2.677165354330709,49.03539731189235,47.43054060668632
126,430,88.911834466322,187,18,45.71041171433413,32.87793052196503,43.48837209302326,4.186046511627907,51.4109420739129,36.978126387009276
127,3350,583.2145531816822,2010,131,285.57721262847986,215.88613015413284,60.0,3.91044776119403,48.96606421608229,37.01658831666368
128,263,57.897633489231765,117,12,28.754027118815596,25.27532011270523,44.48669201520912,4.562737642585551,49.66356202479931,43.65518690397963
129,1515,95.16507211079934,844,21,51.61905456380717,30.339244425296783,55.70957095709571,1.386138613861386,54.24159664767325,31.88065090727114
130,4096,680.9813107961717,2029,173,308.0411703912168,249.41087877750397,49.5361328125,4.2236328125,45.234893455602965,36.625216408054484
131,486,72.45800786325164,273,12,35.83548881208269,32.03514623641968,56.17283950617284,2.4691358024691357,49.456905963677876,44.212016285182564
132,4096,559.9744893208198,2329,126,269.9766809817911,177.66144770383835,56.8603515625,3.076171875,48.21231790563167,31.726703821690137
133,3785,354.1176529250715,1937,70,182.89057709500884,92.98035669326782,51.17569352708058,1.8494055482166447,51.64683985232079,26.25691092359683
134,1395,200.20819105064416,632,43,90.93085298546956,76.10434889793396,45.30465949820788,3.082437275985663,45.41814823274034,38.0126050280744
135,532,104.45979553309648,272,14,64.97147325954947,34.27118343114853,51.12781954887218,2.6315789473684212,62.19758800788027,32.808013127203786
136,684,131.51922507542716,365,29,73.83492270297852,49.17144352197647,53.36257309941521,4.239766081871345,56.14002261694721,37.38726676178051
137,2431,200.85594780776387,1117,39,90.95389391302002,78.73897802829742,45.948169477581246,1.6042780748663101,45.28314690490052,39.20171590022183
138,445,72.34395782101429,261,19,30.831600318093518,34.48650902509689,58.651685393258425,4.269662921348314,42.61807239572624,47.670199507773326
139,4096,591.0028198408244,1802,139,285.4333858023138,225.0843670964241,43.994140625,3.3935546875,48.29645074776293,38.08515958638681
140,2148,590.1189464582183,870,150,224.35092725639973,270.71454787254333,40.502793296089386,6.983240223463687,38.01791632058441,45.87457316822661
141,918,120.01664735642288,517,27,62.44811891022786,47.62777245044708,56.31808278867102,2.9411764705882355,52.0328806759372,39.68430505228424
142,4096,430.9004751482847,2276,94,225.04619975919036,140.21305990219116,55.56640625,2.294921875,52.22695558220161,32.539546366000174
143,336,34.08795946896833,203,8,17.60991779058902,14.667806684970856,60.416666666666664,2.380952380952381,51.660228611278576,43.02928926656218
144,4096,290.97003911436207,2252,58,142.70235536103908,81.1736963391304,54.98046875,1.416015625,49.04365954494433,27.89761330279992
145,3085,333.904943150422,1494,71,142.6854925274022,148.98889708518982,48.427876823338735,2.3014586709886546,42.73236903328002,44.62015317277627
146,430,48.754904305288306,259,13,20.410805352455277,22.958430767059326,60.23255813953488,3.0232558139534884,41.864107095050485,47.089479703007214
147,4096,734.6582070221655,2165,157,359.9935844513114,254.38734406232834,52.8564453125,3.8330078125,49.00150587175704,34.626625229363725
148,690,79.77481485859634,363,13,46.7125015331716,26.901888370513916,52.608695652173914,1.8840579710144927,58.55544963152988,33.72228242484606
149,1782,160.88685384069396,955,32,85.22140688080944,48.036948680877686,53.59147025813692,1.7957351290684624,52.96977648975192,29.85759714615505
150,4096,337.26772938982754,1972,81,160.3747196628773,105.83215862512589,48.14453125,1.9775390625,47.55116060259349,31.37927213391971
151,420,78.24687707415134,229,17,41.64778073453842,27.365888714790344,54.523809523809526,4.0476190476190474,53.22612517183342,34.97377753345583
152,293,43.4382155928228,136,9,16.14645385274662,25.43346345424652,46.41638225255973,3.0716723549488054,37.17107996354819,58.55089373986356
153,433,33.29146730891076,246,8,18.40188794783753,11.154467463493347,56.812933025404156,1.8475750577367205,55.275088289401104,33.50548463361888
154,323,64.71421036333132,178,4,35.69588285871349,28.023384749889374,55.10835913312693,1.238390092879257,55.15926511086607,43.30329396365179
155,2919,206.66243439748513,1608,50,99.76555382404925,68.90424287319183,55.08735868448099,1.7129153819801302,48.274643679152994,33.34144547076444
156,499,84.38110862816731,263,19,35.231730875264134,44.391670405864716,52.705410821643284,3.8076152304609217,41.753102617454125,52.608541328226046
157,513,115.8165338403489,293,19,69.96495228277274,38.3435423374176,57.1150097465887,3.7037037037037037,60.41015903585772,33.10714028989464
158,4096,253.0737169677269,1781,53,122.81308276342888,84.7361598610878,43.4814453125,1.2939453125,48.52858061870192,33.482797374764026
159,538,138.8489010425172,300,30,80.85541836197761,47.231284618377686,55.762081784386616,5.5762081784386615,58.23266713304321,34.016318648366465
160,273,43.228919166239784,160,6,21.210017658103936,20.816769242286682,58.608058608058606,2.197802197802198,49.06441814226109,48.154729851640205
161,4096,430.43739484752,1933,96,188.40614976074792,128.46003437042236,47.1923828125,2.34375,43.77086006374742,29.844069290478025
162,192,29.609016107743326,94,8,14.530123096951403,12.311266422271729,48.958333333333336,4.166666666666667,49.07330606352535,41.57945126400906
163,1044,57.403070632526834,547,16,31.199866938354848,19.255714774131775,52.39463601532567,1.5325670498084292,54.3522612894436,33.54474693069944
164,1603,173.7475725429139,815,32,81.01582382331067,53.26933711767197,50.842170929507176,1.9962570180910792,46.62846371755817,30.65903962745435
165,505,33.8153520837037,310,10,18.908232669964992,12.886011600494385,61.386138613861384,1.9801980198019802,55.916119468935676,38.10698634335502
166,3613,367.1385592705284,1478,83,135.42694293126146,149.87912166118622,40.907832825906446,2.2972598948242458,36.887147784297774,40.82358495903636
167,403,64.35098095392394,197,13,36.33763091888294,25.31793910264969,48.883374689826304,3.225806451612903,56.46787411819116,39.34351695551872
168,273,32.73141906065458,152,5,12.808248267304718,18.621277570724487,55.67765567765568,1.8315018315018314,39.131356460805314,56.891140393935885
169,4096,398.6848647336707,2146,83,205.83304105868294,140.50930505990982,52.392578125,2.0263671875,51.62800478924211,35.24320020369291
170,815,177.667557690729,453,32,103.19205804526538,64.2209113240242,55.58282208588957,3.9263803680981595,58.08154250923781,36.14667312296563
171,4096,396.60280868017054,2286,67,230.60617410423384,105.19645339250565,55.810546875,1.6357421875,58.145370899327105,26.524384368981725
172,727,106.35747577844187,377,20,44.39804199668667,51.76646554470062,51.85694635488308,2.751031636863824,41.74416670923468,48.67214567271014
173,389,80.21336749057907,188,16,35.80294263547449,38.231379210948944,48.329048843187664,4.113110539845758,44.634633547431456,47.66210471769453
174,1400,110.00391207795438,654,33,40.869881547472204,58.03587108850479,46.714285714285715,2.357142857142857,37.15311644417675,52.75800650378471
175,4096,358.47573673040694,2125,43,215.4283006450323,76.45387852191925,51.8798828125,1.0498046875,60.09564346248794,21.32749045144349
176,363,16.24255694655422,219,3,5.02170493758978,9.514936983585358,60.33057851239669,0.8264462809917356,30.916960636884884,58.580290128543496
177,378,74.53014563971035,221,16,48.009888827912484,24.65135645866394,58.46560846560847,4.232804232804233,64.41673824173016,33.075685344601645
178,1035,63.28310231306884,536,10,33.616539328567235,22.657018840312958,51.78743961352657,0.966183574879227,53.12087761162897,35.80263611007258
179,372,59.458569436597806,184,10,23.114087148859408,33.415170073509216,49.46236559139785,2.6881720430107525,38.87427391522857,56.19908179785702
180,1104,108.52294461889815,666,22,56.36654252632043,38.78698307275772,60.32608695652174,1.9927536231884058,51.93974668146332,35.74081334501807
181,1094,50.37700505352392,477,11,20.729550994164427,23.11432921886444,43.60146252285192,1.0054844606946984,41.14883560890521,45.88269825549617
182,525,81.67884252360265,257,16,47.46619363588169,28.071138620376587,48.95238095238095,3.0476190476190474,58.11320553687503,34.36769884718297
183,390,55.24263342971643,202,12,31.349438099883134,20.33122354745865,51.794871794871796,3.076923076923077,56.74863081928941,36.80350172539379
184,585,65.77966872828837,381,8,39.21288009993219,22.589584290981293,65.12820512820512,1.3675213675213675,59.61246211486133,34.34128618721168
185,267,41.9732435965521,144,6,22.422586850929427,18.81195569038391,53.93258426966292,2.247191011235955,53.421143875502956,44.818922910044584
186,2865,231.19058168279452,1454,49,92.40375835277803,100.68789207935333,50.75043630017452,1.7102966841186737,39.968651698606294,43.55190049112915
187,917,132.97110000808078,421,28,67.99855113470672,49.82665818929672,45.910577971646674,3.053435114503817,51.13784208040271,37.471795139145804
188,1260,125.55133927312384,600,27,40.94203746453679,76.85414296388626,47.61904761904762,2.142857142857143,32.60979747533529,61.21331991265986
189,410,68.5994927131308,196,11,31.436777412404897,34.16258251667023,47.80487804878049,2.682926829268293,45.826545021064724,49.800051232931466
190,236,25.576368419210535,162,7,12.579218610839192,12.168583393096924,68.64406779661017,2.9661016949152543,49.18297392600459,47.57744803189902
191,2932,356.20610025666946,1605,65,189.99354088242004,109.68422377109528,54.74079126875853,2.2169167803547065,53.33809295953029,30.79234850050595
192,588,45.01254151474141,344,7,28.53322040077672,11.0929536819458,58.50340136054422,1.1904761904761905,63.38948977460475,24.64413985225186
193,608,35.89343206806408,326,7,13.428363113808,20.111401915550232,53.61842105263158,1.1513157894736843,37.41175568929723,56.03086903869582
194,4096,579.5424584532976,2089,145,278.4368376783188,207.77485251426697,51.0009765625,3.5400390625,48.04425173979839,35.85153244315929
195,699,72.59823678891432,325,23,34.56105251769752,32.20648992061615,46.49499284692418,3.290414878397711,47.605911722328436,44.36263378442553
196,215,56.338331796802144,107,11,26.35294697288215,28.468409538269043,49.76744186046512,5.116279069767442,46.77622878137472,50.53115459816465
197,4096,369.37901196656134,2187,80,174.94232397928795,122.96976333856583,53.3935546875,1.953125,47.36119766196269,33.29094489800029
198,1658,220.7126412241499,900,43,116.35002604082975,78.77693217992783,54.28226779252111,2.5934861278648973,52.71561492604664,35.69207986593032
199,337,71.14231667610706,168,10,49.64817771261943,19.032060742378235,49.85163204747774,2.9673590504451037,69.78712534574183,26.752095843359143
200,213,26.222172962049367,120,1,20.96473203202063,3.939990758895874,56.33802816901409,0.4694835680751174,79.95039946675018,15.025416713550456
201,299,38.147987317692866,153,9,19.038961503723165,16.080405950546265,51.17056856187291,3.0100334448160537,49.90816774989589,42.152698166302066
202,418,66.8293557847391,220,11,34.545248282481296,24.86929750442505,52.63157894736842,2.6315789473684212,51.69172720107219,37.21313367815541
203,1429,112.29783969393576,850,24,52.69149130545236,44.89718455076218,59.482155353393985,1.6794961511546536,46.92119763751589,39.9804525831735
204,256,40.215461318316,139,10,19.80427011264783,17.4515683054924,54.296875,3.90625,49.245413240175964,43.39517124361356
205,1824,182.04237911911932,872,37,68.98726535891855,96.90583056211472,47.80701754385965,2.0285087719298245,37.8962666235958,53.23256652161442
206,142,36.458847367331245,94,6,15.446312945126714,20.59376037120819,66.19718309859155,4.225352112676056,42.36643245877076,56.4849463388717
207,800,176.7847886970058,451,39,90.07616046950987,69.86277133226395,56.375,4.875,50.95243834801466,39.518542204444316
208,1129,158.11434645839327,692,26,81.2602151374948,68.07445925474167,61.29317980513729,2.3029229406554474,51.39332195821831,43.05394214980676
209,1466,145.78483920737557,716,24,70.06938745193246,55.64960354566574,48.84038199181446,1.6371077762619373,48.0635625987558,38.1724216648519
210,1842,73.9108410659803,1154,13,43.29962011145883,22.01859426498413,62.64929424538545,0.7057546145494028,58.58358460946913,29.79075051429614
211,3392,284.011169355255,1641,63,123.74923932853218,107.16288751363754,48.37853773584906,1.857311320754717,43.5719621905928,37.731927148116135
212,394,24.6716670633142,251,3,15.246527143648695,7.10915607213974,63.70558375634518,0.7614213197969543,61.7977176188458,28.815061640932957
213,543,74.39559667885571,311,10,49.92592823033107,19.77687782049179,57.2744014732965,1.8416206261510129,67.10871403565304,26.583398350661607
214,254,16.504725510457593,143,4,4.948722447810129,10.10262155532837,56.2992125984252,1.5748031496062993,29.983670099054713,61.21047907720263
215,412,104.54730309964405,216,19,46.555250477445725,56.45927768945694,52.42718446601942,4.611650485436893,44.53032177508578,54.003571603990196
216,369,54.00001174206416,181,9,30.09715188587044,19.514017939567566,49.05149051490515,2.4390243902439024,55.735454335884505,36.13706240061206
217,3968,638.2888193946033,2017,131,326.5291313115444,198.92798161506653,50.83165322580645,3.3014112903225805,51.15695612861384,31.165825809661435
218,254,35.77029005205326,154,6,18.48158492760904,16.399862408638,60.62992125984252,2.3622047244094486,51.66741701203558,45.847719950754566
219,886,48.857597108287244,516,8,22.262804932275177,18.07990074157715,58.239277652370205,0.9029345372460497,45.56672093990261,37.00530073451039
220,825,143.78883762639353,460,24,73.71779635172715,63.49455177783966,55.75757575757576,2.909090909090909,51.2680939415256,44.15819254538904
221,344,68.58622133941174,162,15,22.810740386596873,40.6979975104332,47.093023255813954,4.3604651162790695,33.25848828106984,59.338445413156016
222,419,59.41937258786386,240,11,25.798407480210713,32.31125223636627,57.279236276849645,2.6252983293556085,43.41750233404504,54.37831271036628
223,1237,122.43521119436839,552,17,70.34438057634472,41.382576048374176,44.62409054163298,1.3742926434923202,57.45437108339004,33.79957092790774
224,404,37.48921824433216,211,6,20.970324252751094,13.56794011592865,52.227722772277225,1.4851485148514851,55.93694730063226,36.19157920952361
225,854,115.01232723967594,413,22,66.57612734963897,33.68374705314636,48.36065573770492,2.576112412177986,57.88607964683643,29.2870754479668
226,373,48.535635957786084,217,11,15.478834912600394,27.814170241355896,58.1769436997319,2.9490616621983916,31.891690728155133,57.306697836507794
227,680,120.84530918201798,357,19,59.05097140434027,47.50487279891968,52.5,2.7941176470588234,48.86492641215996,39.31048140839917
228,4096,509.00950938017866,2238,122,261.5920279494516,157.0791176557541,54.638671875,2.978515625,51.3923655901817,30.85976092018978
229,378,60.659017806795895,230,8,43.71033289049121,15.622804164886475,60.84656084656085,2.1164021164021163,72.05908448717769,25.75512220564868
230,427,34.153088474952746,268,6,20.496214055848338,12.344771027565002,62.76346604215457,1.405152224824356,60.01276889169156,36.14540171562649
231,2153,258.22908301546073,1266,32,178.08463153781156,53.17500197887421,58.801672085462144,1.4862981885740827,68.96381672359857,20.59218170080808
232,2222,175.76942441937328,1191,41,77.33911800755986,73.6781353354454,53.6003600360036,1.8451845184518452,44.00032500705826,41.91749252114215
233,415,40.25273494440834,208,8,16.55138151647732,22.084591329097748,50.12048192771084,1.927710843373494,41.118650793134584,54.86482188004868
234,4096,669.3821377465376,1822,149,314.1262132595034,238.39496326446533,44.482421875,3.6376953125,46.927785422688956,35.61418057359844
235,687,51.20209056225486,317,6,29.694571081865146,19.075690031051636,46.14264919941776,0.8733624454148472,57.99484113985647,37.25568589403232
236,929,114.08884830847207,533,25,57.25266201766194,49.84155482053757,57.3735199138859,2.6910656620021527,50.18252253968142,43.686614037663496
237,277,38.7801670221278,166,8,21.020559016870347,16.075629591941833,59.92779783393502,2.888086642599278,54.204405578955104,41.45322422868666
238,230,39.21324056171578,139,2,35.13062041459325,2.0593522787094116,60.43478260869565,0.8695652173913043,89.58866931515877,5.251675835023884
239,409,37.16078334374104,270,7,19.900435600686972,16.00026297569275,66.01466992665037,1.7114914425427872,53.55225000669634,43.0568506258027
240,674,313.1146777783008,319,47,130.88479225416594,166.14039611816406,47.32937685459941,6.973293768545994,41.80091242699208,53.06055829033952
241,4096,695.015897494278,2647,148,345.1271408624275,253.35946083068848,64.6240234375,3.61328125,49.65744555005217,36.45376483388632
242,1401,167.80968092445366,846,36,68.54433066236462,72.97257047891617,60.38543897216274,2.569593147751606,40.846469813158535,43.485316268355064
243,902,65.8935594377484,445,15,36.659815677640616,21.52637493610382,49.33481152993348,1.6629711751662972,55.63489966310628,32.66840510632974
244,557,119.96456035754942,284,16,69.99424842341023,40.16748023033142,50.987432675044886,2.872531418312388,58.345771630217506,33.48278867576717
245,156,57.20083610712721,80,7,33.437062143261166,21.843342661857605,51.282051282051285,4.487179487179487,58.455547888564716,38.18710380552624
246,4096,568.4527153042311,2415,133,274.2308663740142,173.22906160354614,58.9599609375,3.2470703125,48.24163188793076,30.47378558317474
247,279,40.75169878428495,151,7,14.65181764187621,23.27364492416382,54.121863799283155,2.5089605734767026,35.953881872346344,57.110858242647836
248,564,88.53463593393475,293,18,32.76754986026567,50.824017107486725,51.95035460992908,3.1914893617021276,37.01099520499194,57.405801211417426
249,428,61.30970253189918,231,11,35.62171939262024,23.232946395874023,53.97196261682243,2.5700934579439254,58.10127585284958,37.89440404442677
250,150,29.387679781149576,96,5,9.072599447658183,18.96740698814392,64.0,3.3333333333333335,30.87211891248968,64.54203642272694
251,3846,369.2937455710693,1575,105,169.00151564712328,125.46870547533035,40.95163806552262,2.730109204368175,45.763438366870346,33.975312872225274
252,752,61.33786412069314,387,11,35.54009870679005,20.282351791858673,51.462765957446805,1.4627659574468086,57.94153287903634,33.066609153441576
253,705,42.40005909841053,359,5,26.67991479870937,12.357648193836212,50.92198581560284,0.7092198581560284,62.924239649726175,29.145356059891597
254,1377,90.86277553195377,654,20,48.98896218210718,31.721122920513153,47.49455337690632,1.4524328249818446,53.915326595850246,34.91102130086018
255,351,108.48305923599182,188,18,51.874155721850244,51.9000598192215,53.56125356125356,5.128205128205129,47.817747846697685,47.84162631910958
256,401,67.81556452686712,214,15,29.91312623758394,32.49459218978882,53.36658354114713,3.7406483790523692,44.10952920067926,47.91612724379097
257,307,34.95004230643703,182,8,15.164979042394881,17.428256034851074,59.28338762214984,2.6058631921824102,43.39044545191245,49.866194386955506
258,447,148.73087282284877,221,32,67.28126205617643,71.6348906159401,49.4407158836689,7.158836689038031,45.23691737916054,48.16410289023409
259,1164,122.25279713078204,508,21,63.637619456246085,41.20575165748596,43.6426116838488,1.8041237113402062,52.05412141872602,33.70536513238662
260,568,74.18389616115275,298,12,46.72022738602707,20.2915078997612,52.46478873239437,2.112676056338028,62.97893451772173,27.35298218319663
261,1404,176.12575245923685,736,49,83.25977859676634,76.50474435091019,52.421652421652425,3.49002849002849,47.27291576286453,43.43756848880842
262,204,33.943413190518136,113,5,27.391176948604794,6.374232590198517,55.3921568627451,2.450980392156863,80.696589924128,18.778997133909666
263,253,20.16228939557965,147,2,14.268083531956695,3.849941909313202,58.10276679841897,0.7905138339920948,70.76618756937796,19.094765647780346
264,1489,100.7066086190312,807,23,55.67181775240045,30.349854826927185,54.1974479516454,1.5446608462055071,55.28119605636265,30.136904859679458
265,4096,287.31352046588006,2241,56,159.8467717659025,79.35131698846817,54.7119140625,1.3671875,55.63496333437783,27.618372034772218
266,626,74.6962827308582,359,10,46.81078741896889,24.284188747406006,57.3482428115016,1.597444089456869,62.668161932013554,32.51057195832026
267,914,135.04606093413807,444,25,70.41002658490682,43.69032567739487,48.57768052516411,2.735229759299781,52.13778624705372,32.35216590190115
268,445,96.0405209324302,225,24,39.84300019503731,50.58941328525543,50.561797752808985,5.393258426966292,41.485614413804626,52.67507172399437
269,400,32.19808883848439,227,6,18.269781566632957,10.938483774662018,56.75,1.5,56.741819858563204,33.97246286738585
270,653,98.39117733780861,364,20,52.040818321344574,36.85707771778107,55.742725880551305,3.0627871362940278,52.891752827259786,37.45973847963913
271,494,39.462073133729405,248,5,27.649409096497028,8.349291324615479,50.202429149797574,1.0121457489878543,70.0657793694682,21.157761520337083
272,643,97.54539671084237,340,19,37.99532826489121,52.92331272363663,52.87713841368585,2.9548989113530326,38.95143138073675,54.255059191075176
273,362,58.82788259706032,180,16,18.74510068939943,35.51239216327667,49.72375690607735,4.419889502762431,31.864313080573357,60.36659929869932
274,4096,278.61288641986465,2084,58,129.91930731653503,100.03393810987473,50.87890625,1.416015625,46.6307603305717,35.90427542505172
275,159,38.42295881842479,90,2,28.77567994186741,6.368142366409302,56.60377358490566,1.2578616352201257,74.89188971066106,16.573794841004318
276,1064,135.07755545452213,494,30,65.40423457922859,55.20827317237854,46.42857142857143,2.819548872180451,48.41976474859205,40.871537085941746
277,411,96.64302471309242,223,20,57.115149905640685,34.49348157644272,54.257907542579076,4.866180048661801,59.09909181257567,35.69164114931703
278,408,74.14080014823826,213,14,40.3842752119883,28.61381858587265,52.205882352941174,3.4313725490196076,54.469705116809315,38.59388963790752
279,4096,470.5372875179304,1984,106,225.6301405565038,167.85045224428177,48.4375,2.587890625,47.95159630104891,35.6720831051855
280,497,98.05272077153401,230,13,54.429991677462596,40.52807766199112,46.27766599597585,2.6156941649899395,55.51094477458328,41.3329455247069
281,235,58.87605751538166,143,14,18.35098766747084,37.46011954545975,60.851063829787236,5.957446808510638,31.16884594841724,63.62538717147137
282,883,182.33970217644296,537,32,102.78723880830454,67.18885999917984,60.8154020385051,3.62400906002265,56.37128808559826,36.84817908398458
283,489,82.78145333572056,243,11,61.29789705051253,13.990110278129578,49.693251533742334,2.2494887525562373,74.04786287324364,16.900053954588866
284,4096,421.33031290772954,1810,109,157.94832167061813,180.44973409175873,44.189453125,2.6611328125,37.48800331515869,42.82856670017874
285,302,29.44780860300916,197,3,24.609533494754384,3.911623537540436,65.23178807947019,0.9933774834437086,83.56999947439085,13.283241514754756
286,4096,375.3898865857892,1944,87,171.60574007574863,121.83471083641052,47.4609375,2.1240234375,45.71400195048434,32.45551230602138
287,1857,298.11134247426634,939,62,139.28392258583685,124.78134393692017,50.5654281098546,3.3387183629509964,46.72211443878898,41.857294962767675
288,596,55.2800462950819,342,10,34.72228655562998,14.941524863243103,57.38255033557047,1.6778523489932886,62.811609039334535,27.02878500406105
289,4096,563.1291088703128,1595,127,259.4301834377483,187.95953392982483,38.9404296875,3.1005859375,46.069396760218694,33.37769811027677
290,815,94.58110275337808,427,16,45.42040142164223,43.82398217916489,52.392638036809814,1.9631901840490797,48.02270231515142,46.33481837639037
291,654,58.40282205667489,309,12,32.79742860883269,23.379532158374786,47.24770642201835,1.834862385321101,56.15726681324683,40.03151103843402
292,1033,146.1285017861634,540,30,80.93400443331635,44.57967966794968,52.27492739593417,2.904162633107454,55.3855021053667,30.507176302392523
293,396,54.4493371415641,224,12,23.377080206065028,27.621643722057343,56.56565656565657,3.0303030303030303,42.9336359876823,50.72907251422214
294,951,118.72270822626106,410,25,60.40927294920908,41.415203273296356,43.11251314405889,2.6288117770767614,50.88266082515691,34.88397787756618
295,606,72.23288845364962,349,12,38.053064816675175,28.783166527748108,57.59075907590759,1.9801980198019802,52.68107870432601,39.84773022917072
296,312,61.523023852053484,168,5,40.015088775508865,19.352386116981506,53.84615384615385,1.6025641025641026,65.04083556057732,31.455518447075764
297,572,61.99935762519827,302,12,28.631004176586973,28.69747257232666,52.7972027972028,2.097902097902098,46.17951745511398,46.286725655788416
298,229,19.856610836408983,158,1,15.056776711481747,3.724578619003296,68.99563318777292,0.4366812227074236,75.82752583272527,18.757373298437855
299,343,62.7494793476004,207,6,47.59834693379467,11.535113215446472,60.349854227405245,1.749271137026239,75.85456872099908,18.382803069245842
300,623,126.80191076333867,353,23,77.04927861279603,42.693286776542664,56.66131621187801,3.691813804173355,60.763499657824354,33.66927715799553
301,4096,506.12045486515007,1972,114,233.0743399800487,180.10475105047226,48.14453125,2.783203125,46.05115990464141,35.585353114894176
302,1008,165.7355434327365,589,24,104.23730153501924,49.86611759662628,58.432539682539684,2.380952380952381,62.89375192311949,30.087763049369286
303,322,85.39331135013713,189,16,42.33080810301627,37.82392680644989,58.69565217391305,4.968944099378882,49.57157350351222,44.29378157190897
304,2792,272.226558762039,1386,57,141.04161247965052,101.98350727558136,49.64183381088825,2.041547277936963,51.81037923744208,37.46273241646787
305,1103,168.14637211884136,527,40,66.31999729840277,88.33264368772507,47.77878513145966,3.626473254759746,39.441824680897405,52.53318437658228
306,400,146.1101130643299,199,32,72.70408087666564,66.85343605279922,49.75,8.0,49.759786883920356,45.75551592610481
307,4096,677.3838543379575,2011,153,340.8023697166219,214.41298878192902,49.0966796875,3.7353515625,50.31155784628286,31.65309999770898
308,376,40.71251116543759,165,10,16.340268834051162,22.451755344867706,43.88297872340426,2.6595744680851063,40.13574296031889,55.14706585804479
309,4096,613.6729135896618,2323,156,290.1179308701118,204.62394332885742,56.7138671875,3.80859375,47.27566174838571,33.34413802491553
310,4096,332.66714591784074,1783,72,151.06940859126087,78.34032166004181,43.5302734375,1.7578125,45.41158044761375,23.54916096204752
311,208,33.45726775734808,121,6,13.118221068418345,19.18698215484619,58.17307692307692,2.8846153846153846,39.208883294235065,57.347725743780245
312,371,54.13642147488281,176,7,26.02950821418805,24.86679846048355,47.43935309973046,1.8867924528301887,48.08132400525352,45.933583681774714
313,354,80.51662531254085,179,16,38.42251901105531,39.24718397855759,50.56497175141243,4.519774011299435,47.719981881891925,48.744198885897234
314,870,60.10475947045168,532,14,25.44181165507091,29.184043049812317,61.14942528735632,1.6091954022988506,42.32911316711691,48.555294633796166
315,4096,346.5336634684413,2072,80,145.125350433713,119.36594468355179,50.5859375,1.953125,41.87914933895867,34.44569958624594
316,776,48.65088682446675,403,11,29.108083480879714,15.924553632736206,51.93298969072165,1.4175257731958764,59.83053009064806,32.732298776366136
317,4096,504.6243720540767,2153,105,245.5995601466427,168.91230899095535,52.5634765625,2.5634765625,48.669777709492735,33.472879699289344
318,4096,493.41275967831706,2294,117,204.76549598249522,165.180977165699,56.005859375,2.8564453125,41.49983800905213,33.47724069263826
319,4096,288.4166334723367,2326,56,150.27266769296935,73.86892747879028,56.787109375,1.3671875,52.10263565030575,25.611881877081608
320,4096,364.88378437599437,2207,74,176.33873542147245,133.67544358968735,53.8818359375,1.806640625,48.327369691979584,36.635073772404624
321,1214,83.30838482033987,512,16,49.10564295959244,27.013783633708954,42.17462932454695,1.3179571663920921,58.94441845858859,32.42624820054547
322,879,133.0387954296839,354,25,60.21647232404587,54.712642669677734,40.27303754266212,2.844141069397042,45.26234030424049,41.12532926427124
323,514,76.20470174231188,229,18,38.24279075286946,29.169576108455658,44.552529182879375,3.501945525291829,50.184292935347244,38.27792175749642
324,431,55.04900298448878,275,11,36.47108549495317,14.545019328594208,63.80510440835267,2.5522041763341066,66.25203639969587,26.42194870031084
325,4096,749.3803581730867,2000,164,363.51239420006317,226.87921333312988,48.828125,4.00390625,48.50839633510938,30.275575127994866
326,4096,638.655538264307,1889,164,291.38751271767813,214.00749909877777,46.1181640625,4.00390625,45.6251445825696,33.50906494608851
327,377,51.4663891546879,177,6,41.625026060245794,7.343630909919739,46.94960212201592,1.5915119363395225,80.87807740919455,14.268789846219144
328,4096,360.4385592433184,1984,69,177.2356247387695,95.86403846740723,48.4375,1.6845703125,49.17221540082909,26.596499183843715
329,753,37.694938153729446,456,6,25.68022594856835,4.871246814727783,60.55776892430279,0.796812749003984,68.12645730797574,12.922814184922158
330,4096,880.2727822652843,2304,240,388.25333237279597,333.80256974697113,56.25,5.859375,44.10602488170419,37.92035565247937
331,4096,590.8181101363491,1903,147,244.45470562133835,232.23830753564835,46.4599609375,3.5888671875,41.37562837485179,39.30791956970519
332,210,47.34492718426812,126,7,16.68845588149552,29.239426016807556,60.0,3.3333333333333335,35.248667331440735,61.75830813511801
333,4096,794.510699964237,1879,211,364.56279896896183,263.8115350008011,45.8740234375,5.1513671875,45.88519688726303,33.204277174955095
334,565,47.43132220803635,339,12,19.868535373537963,24.66548717021942,60.0,2.1238938053097347,41.88906074849335,52.002529176891294
335,4096,436.9655497519221,2101,80,240.57968439286344,107.05319058895111,51.2939453125,1.953125,55.056899686816834,24.499228978057488
336,901,172.80639477539594,421,45,91.38892913651831,61.48800599575043,46.72586015538291,4.994450610432852,52.885154658368116,35.58202002632431
337,1992,280.7282179977517,1080,49,163.1943686555968,77.72399097681046,54.21686746987952,2.459839357429719,58.13251329686558,27.686561590125912
338,982,293.2497349164886,504,63,138.85332069757294,109.18078976869583,51.323828920570264,6.415478615071283,47.349853781492925,37.23133451417722
339,750,147.385450479015,387,27,59.24300745064069,74.65218186378479,51.6,3.6,40.19596728041742,50.65098462647363
340,4096,802.8275234401405,1936,185,364.67247980297765,271.8299991488457,47.265625,4.5166015625,45.423514908948924,33.85907822193811
341,256,13.961175949768858,164,1,8.895526247035095,3.718977212905884,64.0625,0.390625,63.716167456383715,26.637994007714337
342,549,220.4677663062316,262,42,101.04175884861455,101.47599440813065,47.72313296903461,7.6502732240437155,45.83062664510634,46.02758766430265
343,2840,372.1303557619181,1189,97,173.72534386352808,136.34856486320496,41.86619718309859,3.415492957746479,46.68400230554538,36.64000067504253
344,552,78.65355228347664,229,14,25.91447365281658,48.953423261642456,41.48550724637681,2.536231884057971,32.94762016522505,62.2393036810449
345,4096,539.3771122016782,1926,118,279.8239898810313,173.297019302845,47.021484375,2.880859375,51.87909971537733,32.12910139910564
346,954,117.36850393500023,521,23,65.9496038287773,33.406635105609894,54.61215932914046,2.410901467505241,56.19020573466695,28.463032232319158
347,1176,167.92031663725137,731,34,95.07701295598817,51.56848764419556,62.15986394557823,2.891156462585034,56.62031543293096,30.710094333371227
348,1088,125.06388024015513,592,10,95.53456137579644,20.462467074394226,54.411764705882355,0.9191176470588235,76.38861131794829,16.361612189787312
349,380,34.253109614376015,233,7,19.41196133136774,11.680974304676056,61.31578947368421,1.8421052631578947,56.67211400631651,34.101938294599556
350,336,57.11367165466007,155,10,31.685772230078047,23.277974605560303,46.13095238095238,2.9761904761904763,55.478436794726214,40.7572721752358
351,303,52.38751277355112,148,9,26.88785951937282,22.141408026218414,48.84488448844885,2.9702970297029703,51.32494003980981,42.26466738729567
352,696,64.12932635134561,427,13,22.327457436872077,37.93404006958008,61.35057471264368,1.867816091954023,34.81629810758738,59.15240690624238
353,417,81.4666117660373,234,13,41.11865234775426,36.14258134365082,56.115107913669064,3.117505995203837,50.47301152752281,44.36490061406768
354,459,54.826135539817,259,10,29.675905095625,20.742438912391663,56.42701525054466,2.178649237472767,54.12729677814541,37.833122302277985
355,706,66.50692163991327,344,16,30.571593213508155,32.1415291428566,48.725212464589234,2.26628895184136,45.96753609952232,48.328096309854274
356,3107,337.7942002719335,1888,67,181.07856819232913,112.656993329525,60.76601223044738,2.156420984872868,53.60618034488335,33.35077785196817
357,233,50.187263166197425,127,5,32.853255529095314,16.686177968978882,54.506437768240346,2.1459227467811157,65.4613410982389,33.247834044510135
358,600,82.4130316836377,370,11,58.03288838768725,16.644711434841156,61.666666666666664,1.8333333333333333,70.41712603227666,20.19669837985805
359,342,55.608456567567266,199,11,27.908554191025406,24.00680011510849,58.187134502923975,3.216374269005848,50.18760798929028,43.17113186901517
360,467,20.449425920335678,255,5,10.448039903482476,7.354966223239899,54.603854389721626,1.0706638115631693,51.092093950141425,35.96661467120133
361,1315,191.21727975731096,694,54,84.66975100510513,84.06210762262344,52.77566539923954,4.106463878326996,44.27934081719301,43.96156441996944
362,294,26.18073769177591,174,6,13.770211094383153,9.508278846740723,59.183673469387756,2.0408163265306123,52.59672686269935,36.31784160813595
363,552,64.73935060226125,272,9,47.800469028534636,13.442043244838715,49.27536231884058,1.6304347826086956,73.83526183666265,20.763327280532227
364,381,88.06155409985757,204,19,32.12579662787459,52.23926520347595,53.54330708661417,4.986876640419948,36.48106935683361,59.3213073939612
365,3159,348.8868545795637,1673,75,163.37513319582743,121.39423340559006,52.95979740424185,2.3741690408357075,46.82754051960697,34.7947283803168
366,212,17.552626990005933,127,2,14.61529527900602,1.7829111814498901,59.905660377358494,0.9433962264150944,83.26557208403983,10.157517632346652
367,3749,405.4050733873785,1954,84,218.6023013186914,122.50721085071564,52.1205654841291,2.2405974926647105,53.92194515281987,30.21847009143267
368,1606,218.4762214358495,871,42,124.60061792890143,66.47209936380386,54.23412204234122,2.61519302615193,57.031660978944345,30.4253245167561
369,1409,132.25210863054923,831,30,67.71413488073517,48.67847192287445,58.97799858055358,2.1291696238466997,51.200797916876255,36.80733141190166
370,403,81.1865265220203,217,16,42.60499862844015,32.90303307771683,53.84615384615385,3.970223325062035,52.47791776987079,40.527701439219115
371,378,42.669824393062335,190,6,30.63037578590123,8.75350797176361,50.264550264550266,1.5873015873015872,71.7846305242386,20.51451604564569
372,469,102.00776945464207,236,16,57.41133027481938,37.910658180713654,50.31982942430704,3.411513859275053,56.28133090425766,37.16448108158143
373,2654,346.8271217915302,1363,68,182.8501609781175,96.4840875864029,51.35644310474755,2.562170308967596,52.72083683467653,27.819072247872604
374,310,18.373638116823937,184,3,7.9454514158258585,7.827918648719788,59.354838709677416,0.967741935483871,43.24375698109868,42.60407546370528
375,4096,294.54146277508386,2112,55,134.2437301796599,99.56566655635834,51.5625,1.3427734375,45.577192737095345,33.80361651574608
376,4096,381.1277127056772,2111,62,200.03107258018017,118.4886349439621,51.5380859375,1.513671875,52.48400100851563,31.08895810876497
377,471,62.71861849466684,199,11,38.18587069612473,20.856888234615326,42.25053078556263,2.335456475583864,60.8844257297724,33.25469969717023
378,1154,75.02861869687972,671,15,39.65422204273324,20.457837522029877,58.14558058925476,1.2998266897746966,52.85212860300515,27.266712192424617
379,1276,103.53026892351458,749,15,60.78634245884911,30.972270250320435,58.69905956112853,1.1755485893416928,58.71359467225614,29.91614971385994
380,4096,722.9015391943159,2319,150,361.96891108487415,182.2794024348259,56.6162109375,3.662109375,50.07167525031053,25.21496947398658
381,697,79.1148887054876,357,16,36.24366890732453,38.53075969219208,51.21951219512195,2.2955523672883786,45.81143890910963,48.702286412392425
382,4096,297.7542489365348,2023,60,148.43315672019668,104.47406363487244,49.3896484375,1.46484375,49.850894571729405,35.087346027139546
383,797,48.0654055874813,478,10,30.27504417988178,14.881888628005981,59.974905897114176,1.2547051442910917,62.987181341432304,30.961745659089974
384,4096,467.41656684513066,2289,87,264.4206344181151,127.24826687574387,55.8837890625,2.1240234375,56.570659487498595,27.223739144424698
385,510,51.04425319085764,258,14,26.073390866082953,17.6231387257576,50.588235294117645,2.7450980392156863,51.07997323144865,34.52521610976183
386,4096,361.8126778909671,1977,88,151.80978997205432,121.29826307296753,48.2666015625,2.1484375,41.95811790149666,33.52515555287451
387,742,164.5398712943207,418,32,78.31160212754583,78.34664976596832,56.33423180592992,4.3126684636118595,47.59430131525139,47.61560170776222
388,4096,405.70175286686583,2192,82,209.47283110632537,114.09531426429749,53.515625,2.001953125,51.63222234710568,28.122953242881046
389,218,74.91924439232244,110,11,31.937001580580414,39.74417316913605,50.45871559633027,5.045871559633028,42.62856872039308,53.04935132689211
390,281,38.21771838153367,175,4,26.05873440030461,10.452830910682678,62.27758007117438,1.4234875444839858,68.18495583686091,27.350745552966753
391,4096,782.5369931784032,1954,190,369.04386972321436,266.4817023873329,47.705078125,4.638671875,47.1599263600666,34.0535597307641
392,4096,383.5885511705627,1683,87,161.09000605179057,167.17191237211227,41.0888671875,2.1240234375,41.9955198246159,43.58104845985856
393,429,58.63118048080503,226,15,27.383069475789032,28.897258400917053,52.68065268065268,3.4965034965034967,46.70393679819195,49.286502785625444
394,625,67.85740660394491,355,13,38.40268399083872,24.344618916511536,56.8,2.08,56.59320907292995,35.87614106533841
395,1062,151.67861765570566,483,27,79.82571752643192,59.400879979133606,45.48022598870057,2.542372881355932,52.62819424398224,39.16232946819656
396,552,108.15113699070196,269,31,32.16364661118742,62.13710880279541,48.731884057971016,5.615942028985507,29.73953626946392,57.45395798116991
397,383,66.14641828397626,208,11,31.922506233425832,31.569945812225342,54.30809399477807,2.8720626631853787,48.2603700420752,47.72737002431627
398,188,37.49228017034849,104,6,24.32693919447697,12.596614301204681,55.319148936170215,3.1914893617021276,64.88519525605278,33.59788800246661
399,3560,332.4430757364438,1748,78,158.24197672640236,129.2895942926407,49.10112359550562,2.191011235955056,47.5997210577652,38.89074663571566
400,392,88.70124133045287,188,21,30.442976433690244,53.18698573112488,47.95918367346939,5.357142857142857,34.320800900943624,59.96194070495465
401,4096,791.9349413683072,2163,201,377.9575596989805,271.586370408535,52.8076171875,4.9072265625,47.72583452953148,34.29402545861752
402,1648,150.43680461504076,896,35,69.99998361778033,65.72077423334122,54.36893203883495,2.1237864077669903,46.531155588492,43.68663267045385
403,416,49.94743291057021,210,6,23.275015764322546,24.72143006324768,50.48076923076923,1.4423076923076923,46.59902302886308,49.49489617917074
404,463,167.4955120029506,219,40,67.8450192285907,86.43446707725525,47.30021598272138,8.639308855291576,40.50557439855197,51.604049591330316
405,789,77.41850457300205,353,13,42.35788271620565,29.328274846076965,44.740177439797215,1.6476552598225602,54.71286606455196,37.882771060789175
406,1203,53.72634961215085,584,11,25.68220746123159,22.050780832767487,48.5453034081463,0.914380714879468,47.80188426466863,41.042767639996974
407,707,122.89223803454583,360,33,41.863345244385286,71.22907048463821,50.91937765205092,4.667609618104668,34.065084918233175,57.960593462880254
408,4096,362.3031124428053,1867,83,166.9597396380228,131.74288362264633,45.5810546875,2.0263671875,46.082888582520745,36.362614368498924
409,722,75.15214505143463,399,21,26.42826853405426,42.06668555736542,55.26315789473684,2.9085872576177287,35.16635289114712,55.975362417898644
410,4096,512.5207492109856,1913,121,219.20527813752489,206.27183085680008,46.7041015625,2.9541015625,42.77002998902709,40.24653268659874
411,264,32.40766492118295,144,6,25.400139601244746,5.984801828861237,54.54545454545455,2.272727272727273,78.37695083252417,18.46724175720951
412,4096,748.3936327738538,2061,181,339.06618386601355,276.7446005344391,50.3173828125,4.4189453125,45.30586165054547,36.978481432118826
413,2327,147.29204849982438,1012,33,76.4895845444306,50.7602716088295,43.48947142243232,1.4181349376880104,51.93055926879977,34.46232985814575
414,833,109.81502813610851,431,27,52.763977252298154,43.47317498922348,51.74069627851141,3.241296518607443,48.04804783813439,39.58763725429395
415,260,22.615568780297927,164,6,7.608660237737605,13.404880285263062,63.07692307692308,2.3076923076923075,33.64346177473133,59.27279749400347
416,484,75.45830250579158,275,13,36.379210315095804,34.89363396167755,56.81818181818182,2.6859504132231407,48.2110107264918,46.24227262334637
417,1869,216.86206641308038,812,52,97.30028612720758,82.10966908931732,43.445692883895134,2.7822364901016585,44.867360961999374,37.862624131282715
418,4096,409.1252117817691,2261,64,210.05545061418798,84.54266756772995,55.2001953125,1.5625,51.34258279986748,20.664252686736337
419,209,23.559261494248464,121,3,12.467498132228323,10.91846752166748,57.89473684210526,1.4354066985645932,52.91973237476913,46.34469346304854
420,177,37.87011100922038,90,6,25.652677852235588,11.012780249118805,50.847457627118644,3.389830508474576,67.7385863642962,29.080401286485486
421,695,107.91549135089205,419,19,60.37506962449568,39.34099894762039,60.28776978417266,2.7338129496402876,55.94661977508256,36.45537675374277
422,1172,85.64510631879698,635,16,57.38869330562477,18.87539941072464,54.18088737201365,1.3651877133105803,67.00755684978276,22.03908690411884
423,4096,443.87018097087656,2565,91,225.53608538107645,142.15032768249512,62.6220703125,2.2216796875,50.811272090357974,32.02520326361413
424,835,58.681921545957735,323,14,27.22226556054652,23.607661604881287,38.68263473053892,1.6766467065868262,46.389526524326484,40.229871454349954
425,273,17.48173761231032,153,3,12.754059293730283,3.8769294023513794,56.043956043956044,1.098901098901099,72.95647364452553,22.177025466972555
426,331,46.28826002497091,190,7,34.600310982731095,9.5709810256958,57.40181268882175,2.1148036253776437,74.74964702511053,20.67690818478074
427,4096,536.6769509752288,2018,128,237.44240589317718,175.6831985116005,49.267578125,3.125,44.243078720206995,32.735372404638525
428,219,22.577066910126092,125,5,13.894091932904411,7.531897306442261,57.077625570776256,2.2831050228310503,61.54073063703745,33.36083175208252
429,959,98.31240172969501,441,25,43.49753733926149,41.439911246299744,45.98540145985402,2.6068821689259645,44.2442017222362,42.15125509824965
430,4096,427.06906905782176,2138,96,197.9807342752771,129.4444721341133,52.197265625,2.34375,46.35801293501592,30.309961903747134
431,3370,394.24130645393547,1657,61,206.76563056131894,87.75117081403732,49.16913946587537,1.8100890207715135,52.44646544551723,22.258238641538814
432,368,66.95029625956262,191,14,26.552121376132547,37.16761314868927,51.90217391304348,3.8043478260869565,39.65945314594491,55.51523327782222
433,3998,435.1433781527488,1958,91,222.2255755752689,143.79020756483078,48.97448724362181,2.276138069034517,51.06950645064414,33.04432855562287
434,464,88.55607665308099,251,15,42.458968187010306,41.132225930690765,54.0948275862069,3.2327586206896552,47.94585509173311,46.44766060699203
435,410,50.53967521916363,214,11,24.760938526217128,23.65160298347473,52.19512195121951,2.682926829268293,48.99307013518021,46.798090571239996
436,243,76.14250988442183,106,10,38.2168758681273,37.51821577548981,43.62139917695473,4.11522633744856,50.19124786684525,49.27367883254627
437,1942,187.06050876160205,1037,42,104.08140360266725,58.06397622823715,53.39855818743563,2.1627188465499487,55.64050065495816,31.040210792025793
438,368,32.48840811605035,195,8,20.212061306644,10.037951946258545,52.98913043478261,2.1739130434782608,62.213147638522095,30.89702613437518
439,471,53.676918409792556,250,8,26.95049862731955,23.317852437496185,53.07855626326964,1.6985138004246285,50.208729237337955,43.441116085461026
440,901,64.93154109981397,483,12,30.691041866584463,28.0379438996315,53.607103218645946,1.3318534961154274,47.26676950329213,43.18077689936706
441,2920,345.85472551683785,1448,82,158.43175439372536,141.24464917182922,49.58904109589041,2.808219178082192,45.808758043415004,40.83930007339245
442,496,126.04890500052309,234,19,63.81514374113176,55.468840539455414,47.17741935483871,3.8306451612903225,50.62728925798041,44.00580912561297
443,488,65.20877444036891,282,13,35.26409304407038,25.81339991092682,57.78688524590164,2.6639344262295084,54.07875450307401,39.58577681065337
444,4096,384.8003426526169,2496,77,205.4220409501748,101.75743210315704,60.9375,1.8798828125,53.38405873916333,26.444215564282846
445,4096,641.1080082034556,2713,142,335.8980180094773,197.86432975530624,66.2353515625,3.466796875,52.39335864026208,30.86286978535355
446,577,103.78204632770556,326,21,40.0625709994702,57.55569952726364,56.499133448873486,3.6395147313691507,38.60260268232458,55.45824308139377
447,2401,295.3126173995135,1188,79,135.32433653513837,124.90566074848175,49.47938359017076,3.290295710120783,45.82409574192522,42.29607994686634
448,345,38.99760358689408,179,9,15.213419585444958,21.06895214319229,51.88405797101449,2.608695652173913,39.01116526697997,54.026273938209194
449,4096,841.9992370140006,2372,199,437.1206672866887,288.0840872526169,57.91015625,4.8583984375,51.9146156042681,34.21429314761085
450,700,78.23256149526189,375,15,44.46134392412952,27.161359548568726,53.57142857142857,2.142857142857143,56.832274278558934,34.71873990756871
451,453,32.58002978551917,228,4,24.139004703962048,7.142292737960815,50.33112582781457,0.8830022075055187,74.09141385957571,21.922302665098687
452,1004,80.93698946665374,558,14,27.9634388347699,41.30139833688736,55.57768924302789,1.3944223107569722,34.54964042897952,51.02907658049679
453,744,60.44828004461013,366,9,38.63640284987487,17.07173264026642,49.193548387096776,1.2096774193548387,63.91646349798812,28.241883189509572
454,2969,187.60306221540245,1562,33,94.78209290566957,69.8838107585907,52.61030650050522,1.111485348602223,50.52267899382287,37.25089022179785
455,888,86.39910330870936,490,19,31.877693378687603,49.8055916428566,55.18018018018018,2.1396396396396398,36.8958613665082,57.6459589689237
456,4096,304.8014039018319,1775,65,148.53134740388376,94.459816634655,43.3349609375,1.5869140625,48.73053257055259,30.99061074701542
457,667,88.42247599648127,334,15,41.90618314485676,39.23423284292221,50.07496251874063,2.2488755622188905,47.393134689560604,44.37133477746486
458,599,93.09600128869985,308,23,39.03692887151199,46.04347378015518,51.419031719532555,3.8397328881469117,41.931907204536785,49.45805742759009
459,968,169.11009845996963,510,39,82.41808507437348,70.99836099147797,52.68595041322314,4.028925619834711,48.73634740026056,41.98351348502356
460,453,57.88724953529347,259,16,23.581461333664492,29.177159309387207,57.17439293598234,3.532008830022075,40.7368833775511,50.403430018899215
461,372,46.27118601186435,220,12,18.94571588669056,22.678995847702026,59.13978494623656,3.225806451612903,40.94495412724608,49.013214923617745
462,450,119.88431647484158,223,27,64.1636391335223,41.853529155254364,49.55555555555556,6.0,53.52129537893925,34.91159676757015
463,4096,607.152606308606,1808,150,257.09485480848184,242.79607170820236,44.140625,3.662109375,42.34435496729213,39.98929909637792
464,4096,345.6073756589558,1950,73,168.13961276863955,130.5975348353386,47.607421875,1.7822265625,48.650470045106665,37.787832098876216
465,2560,234.36243607776726,1160,55,111.30455556687907,93.32557588815689,45.3125,2.1484375,47.49248959417092,39.82104702870948
466,480,69.25824907839144,276,19,23.781424225431877,39.9538249373436,57.5,3.9583333333333335,34.33731655346118,57.68818222955795
467,737,53.00308604058279,369,8,23.609694741753938,24.102746665477753,50.06784260515604,1.0854816824966078,44.54400018081351,45.474232664533986
468,4096,556.8574859874506,1796,132,229.57306298346813,205.3912810087204,43.84765625,3.22265625,41.226537985096215,36.8839938722399
469,352,56.36014167817529,178,11,26.359085753243853,27.277239739894867,50.56818181818182,3.125,46.76901968018128,48.398103566971
470,1473,333.81206974155555,680,82,154.01565548593177,121.93970257043839,46.1642905634759,5.566870332654447,46.13843220383672,36.529446842604195
471,370,28.59319604719355,173,4,8.79104021750375,18.170819997787476,46.75675675675676,1.0810810810810811,30.745217159333958,63.54945410018604
472,4096,469.8517852420618,2216,85,279.72195356983696,145.53207713365555,54.1015625,2.0751953125,59.53408337604329,30.974039410891933
473,213,37.523284175448076,125,3,32.33483598866795,5.086401581764221,58.68544600938967,1.408450704225352,86.17272368132693,13.55532089883623
474,383,27.960818609049333,234,2,20.645323746351913,4.145527362823486,61.09660574412533,0.5221932114882507,73.836621291446,14.826201695975431
475,771,127.46382673066213,399,24,57.63150541483943,51.553170561790466,51.750972762645915,3.11284046692607,45.2140084705113,40.445334087391764
476,251,52.89447010408493,123,8,25.543813274816383,22.938591718673706,49.00398406374502,3.187250996015936,48.292029818148585,43.36671049645737
477,1386,85.67171072143071,655,15,38.990301372794406,27.14848279953003,47.25829725829726,1.0822510822510822,45.51129076851854,31.688970105669732
478,1699,178.11172639741997,748,36,75.08734559850524,79.33032262325287,44.02589758681577,2.1188934667451442,42.15744079138459,44.539640498595496
479,1722,144.93260756753295,853,28,75.05235667133094,55.75530618429184,49.53542392566783,1.6260162601626016,51.784314055316685,38.46981512308197
480,4096,375.1872269811536,2245,74,177.48882864996608,105.70959824323654,54.8095703125,1.806640625,47.306735380648156,28.17515913156248
481,536,35.273481462662666,312,9,15.710926633822032,14.379240810871124,58.208955223880594,1.6791044776119404,44.540334501577924,40.76501727251305
482,928,98.60876155046245,463,23,48.70430987479487,38.08102494478226,49.89224137931034,2.478448275862069,49.39146289741275,38.61829754883852
483,207,12.888836677944033,126,4,4.8507976923799925,7.121437311172485,60.869565217391305,1.932367149758454,37.6356517937798,55.252754683120585
484,4096,357.9651258345766,2218,56,195.04301719282597,80.66905051469803,54.150390625,1.3671875,54.48659746898349,22.535449599069864
485,1201,194.06168845415337,578,52,103.95919717481632,65.85777920484543,48.12656119900083,4.329725228975853,53.57018070023463,33.93651767613275
486,4096,476.87255671112246,2088,102,228.75796019479944,168.61926758289337,50.9765625,2.490234375,47.97046023627133,35.35939848286106
487,233,25.909060363687896,144,5,17.492860699881458,6.813517153263092,61.802575107296136,2.1459227467811157,67.51638405381183,26.297816507511723
488,801,50.84538949575786,432,9,27.454498321160358,18.68321257829666,53.93258426966292,1.1235955056179776,53.99604289283879,36.74514594849439
489,4096,683.8751735331783,2135,140,340.9801872187518,200.23419570922852,52.1240234375,3.41796875,49.86000375728058,29.279348550516453
490,772,82.86568577654766,378,15,46.09610997842628,24.957415401935577,48.96373056994819,1.9430051813471503,55.62750075191223,30.117913305194573
491,843,308.1225695839006,366,69,142.67806429782178,137.72370326519012,43.41637010676157,8.185053380782918,46.305619380787064,44.697700480421474
492,671,123.20502822925269,356,21,68.32980781573158,44.96077573299408,53.055141579731746,3.1296572280178836,55.46024281459316,36.4926467524797
493,2020,356.2756860738321,1006,84,174.696672926636,119.29594218730927,49.801980198019805,4.158415841584159,49.034127153552966,33.48416601254883
494,4096,328.09643773784205,2431,65,171.9634354560941,108.60511928796768,59.3505859375,1.5869140625,52.412466481424445,33.101584411210865
495,1022,81.69186351165554,625,13,43.03257059359306,33.60157984495163,61.154598825831705,1.2720156555772995,52.67669109721472,41.13210104474782
496,323,136.96917633616067,166,30,58.43936061851453,68.36787843704224,51.39318885448916,9.287925696594428,42.66606705372017,49.914791244161634
497,249,24.718234746370182,147,8,11.150625205865765,13.411461591720581,59.036144578313255,3.21285140562249,45.11092851200958,54.2573599180258
498,632,46.49158920734196,308,11,24.714686154943575,18.620794892311096,48.734177215189874,1.740506329113924,53.159478039612004,40.05196468820751
499,4096,462.7400373609004,2236,106,212.21473774528613,179.874143242836,54.58984375,2.587890625,45.86046605251396,38.87153233350943
